{"stats":{"minecraft:broken":{"minecraft:stone_sword":1,"minecraft:shield":2,"minecraft:iron_sword":1,"minecraft:iron_pickaxe":1},"minecraft:killed_by":{"minecraft:creeper":1,"minecraft:skeleton":4},"minecraft:mined":{"minecraft:nether_gold_ore":13,"minecraft:diamond_ore":6,"minecraft:large_amethyst_bud":1,"minecraft:tuff":29,"minecraft:white_bed":3,"minecraft:deepslate_diamond_ore":87,"minecraft:obsidian":17,"minecraft:granite":7,"minecraft:grass_block":2,"minecraft:crimson_roots":1,"minecraft:soul_soil":9,"minecraft:spawner":3,"minecraft:hay_block":32,"minecraft:redstone_ore":13,"minecraft:glowstone":4,"minecraft:furnace":6,"minecraft:iron_ore":87,"minecraft:cobbled_deepslate":5,"minecraft:fire":16,"minecraft:andesite":6,"minecraft:deepslate_lapis_ore":3,"minecraft:gold_block":2,"minecraft:pointed_dripstone":4,"minecraft:rail":230,"minecraft:stone":86,"minecraft:bone_block":33,"minecraft:orange_bed":2,"minecraft:deepslate_redstone_ore":26,"minecraft:soul_sand":3,"minecraft:soul_fire":9,"minecraft:kelp_plant":1,"minecraft:medium_amethyst_bud":1,"minecraft:amethyst_cluster":6,"minecraft:crafting_table":7,"minecraft:torch":1,"minecraft:short_grass":11,"minecraft:nether_quartz_ore":38,"minecraft:tall_grass":6,"minecraft:cobblestone":7,"minecraft:lapis_ore":3,"minecraft:deepslate_gold_ore":53,"minecraft:oak_planks":4,"minecraft:diorite":10,"minecraft:amethyst_block":2,"minecraft:pink_petals":1,"minecraft:birch_log":27,"minecraft:birch_leaves":8,"minecraft:warped_fungus":1,"minecraft:stone_brick_stairs":1,"minecraft:oak_log":12,"minecraft:coal_ore":22,"minecraft:gravel":6,"minecraft:dripstone_block":1,"minecraft:dirt":4,"minecraft:cobweb":39,"minecraft:netherrack":77,"minecraft:gold_ore":7,"minecraft:deepslate":149},"minecraft:dropped":{"minecraft:bread":32,"minecraft:golden_helmet":1,"minecraft:cooked_beef":2,"minecraft:glow_ink_sac":4,"minecraft:diamond":2,"minecraft:cooked_porkchop":3,"minecraft:diamond_leggings":1,"minecraft:iron_helmet":1,"minecraft:feather":2,"minecraft:rail":8,"minecraft:stick":3,"minecraft:diamond_helmet":1,"minecraft:iron_leggings":1,"minecraft:string":15,"minecraft:bone":2,"minecraft:gravel":8,"minecraft:stone_axe":1,"minecraft:cooked_chicken":1,"minecraft:cobbled_deepslate":5,"minecraft:tuff":23,"minecraft:birch_sapling":3,"minecraft:pointed_dripstone":5,"minecraft:rotten_flesh":4,"minecraft:iron_boots":1,"minecraft:diamond_sword":1,"minecraft:diamond_chestplate":1,"minecraft:diamond_pickaxe":3,"minecraft:iron_chestplate":1,"minecraft:spider_eye":1,"minecraft:diamond_boots":1,"minecraft:bow":1,"minecraft:arrow":2,"minecraft:stone_pickaxe":1,"minecraft:stone_brick_stairs":1,"minecraft:black_wool":1},"minecraft:killed":{"minecraft:cave_spider":5,"minecraft:spider":2,"minecraft:skeleton":30,"minecraft:chicken":1,"minecraft:magma_cube":7,"minecraft:pig":14,"minecraft:zombie_villager":1,"minecraft:bat":1,"minecraft:creeper":1,"minecraft:sheep":6,"minecraft:zombie":38,"minecraft:enderman":1,"minecraft:cow":15},"minecraft:custom":{"minecraft:mob_kills":122,"minecraft:interact_with_crafting_table":42,"minecraft:leave_game":5,"minecraft:time_since_death":205458,"minecraft:climb_one_cm":245,"minecraft:sprint_one_cm":695171,"minecraft:walk_one_cm":442958,"minecraft:damage_blocked_by_shield":5749,"minecraft:drop":40,"minecraft:talked_to_villager":2,"minecraft:play_time":236712,"minecraft:deaths":6,"minecraft:sneak_time":10982,"minecraft:walk_under_water_one_cm":27937,"minecraft:boat_one_cm":29297,"minecraft:jump":5369,"minecraft:interact_with_blast_furnace":7,"minecraft:walk_on_water_one_cm":42575,"minecraft:total_world_time":236712,"minecraft:interact_with_furnace":87,"minecraft:sleep_in_bed":6,"minecraft:time_since_rest":23330,"minecraft:damage_taken":6707,"minecraft:damage_absorbed":40,"minecraft:damage_dealt":18591,"minecraft:swim_one_cm":77216,"minecraft:fly_one_cm":879473,"minecraft:open_chest":51,"minecraft:crouch_one_cm":27671,"minecraft:interact_with_smoker":7,"minecraft:fall_one_cm":145315},"minecraft:crafted":{"minecraft:cherry_planks":28,"minecraft:wooden_sword":1,"minecraft:oak_planks":48,"minecraft:birch_boat":1,"minecraft:furnace":3,"minecraft:bone_meal":18,"minecraft:flint_and_steel":1,"minecraft:diamond_helmet":2,"minecraft:diamond_leggings":2,"minecraft:iron_boots":1,"minecraft:iron_axe":1,"minecraft:iron_hoe":1,"minecraft:stone_pickaxe":1,"minecraft:chest":4,"minecraft:diamond_boots":2,"minecraft:wheat":288,"minecraft:cooked_beef":40,"minecraft:diamond_sword":2,"minecraft:cooked_porkchop":20,"minecraft:diamond_axe":1,"minecraft:crafting_table":5,"minecraft:wooden_pickaxe":1,"minecraft:iron_helmet":1,"minecraft:iron_sword":1,"minecraft:bucket":2,"minecraft:birch_planks":88,"minecraft:stone_axe":1,"minecraft:bread":97,"minecraft:air":0,"minecraft:iron_chestplate":1,"minecraft:diamond_pickaxe":3,"minecraft:shield":4,"minecraft:stick":36,"minecraft:iron_ingot":83,"minecraft:iron_pickaxe":3,"minecraft:stone_sword":1,"minecraft:iron_leggings":1,"minecraft:gold_ingot":18,"minecraft:white_bed":1,"minecraft:torch":8,"minecraft:diamond_chestplate":2},"minecraft:picked_up":{"minecraft:crafting_table":7,"minecraft:iron_chestplate":4,"minecraft:chicken":1,"minecraft:wooden_pickaxe":2,"minecraft:gold_block":2,"minecraft:stone_brick_stairs":1,"minecraft:shield":2,"minecraft:amethyst_block":2,"minecraft:soul_soil":14,"minecraft:string":48,"minecraft:wooden_sword":1,"minecraft:iron_leggings":2,"minecraft:gold_nugget":53,"minecraft:cobbled_deepslate":147,"minecraft:beef":31,"minecraft:iron_pickaxe":2,"minecraft:birch_sapling":6,"minecraft:iron_boots":1,"minecraft:furnace":7,"minecraft:egg":6,"minecraft:golden_helmet":2,"minecraft:stick":27,"minecraft:raw_iron":87,"minecraft:torch":27,"minecraft:porkchop":24,"minecraft:pointed_dripstone":5,"minecraft:diorite":11,"minecraft:redstone":174,"minecraft:orange_bed":2,"minecraft:stone_sword":4,"minecraft:arrow":16,"minecraft:rotten_flesh":47,"minecraft:cooked_cod":2,"minecraft:hay_block":32,"minecraft:bone_block":33,"minecraft:obsidian":15,"minecraft:mutton":9,"minecraft:rail":227,"minecraft:white_wool":6,"minecraft:cobblestone":281,"minecraft:birch_log":32,"minecraft:pink_petals":1,"minecraft:feather":6,"minecraft:magma_cream":1,"minecraft:glow_ink_sac":4,"minecraft:andesite":11,"minecraft:leather":20,"minecraft:birch_planks":101,"minecraft:flint":1,"minecraft:tuff":23,"minecraft:oak_log":12,"minecraft:golden_boots":1,"minecraft:lapis_lazuli":19,"minecraft:dirt":23,"minecraft:cooked_mutton":4,"minecraft:bone":27,"minecraft:bow":2,"minecraft:wheat_seeds":5,"minecraft:raw_gold":60,"minecraft:stone_pickaxe":6,"minecraft:iron_ingot":10,"minecraft:cooked_chicken":4,"minecraft:glowstone_dust":12,"minecraft:moss_block":1,"minecraft:soul_sand":3,"minecraft:oak_planks":3,"minecraft:warped_fungus":1,"minecraft:cooked_porkchop":1,"minecraft:birch_boat":1,"minecraft:quartz":38,"minecraft:axolotl_bucket":1,"minecraft:dripstone_block":1,"minecraft:gravel":13,"minecraft:amethyst_shard":24,"minecraft:white_bed":5,"minecraft:spider_eye":3,"minecraft:diamond":96,"minecraft:stone_axe":4,"minecraft:iron_helmet":1,"minecraft:granite":6,"minecraft:netherrack":75,"minecraft:black_wool":1,"minecraft:coal":190,"minecraft:crimson_roots":1,"minecraft:ender_pearl":1,"minecraft:diamond_pickaxe":1},"minecraft:used":{"minecraft:peony":1,"minecraft:cherry_sapling":3,"minecraft:stone_sword":153,"minecraft:flint_and_steel":1,"minecraft:chest":3,"minecraft:shield":112,"minecraft:iron_sword":213,"minecraft:cooked_chicken":1,"minecraft:rotten_flesh":2,"minecraft:netherrack":52,"minecraft:iron_chestplate":2,"minecraft:orange_bed":2,"minecraft:torch":28,"minecraft:soul_sand":3,"minecraft:dirt":2,"minecraft:granite":6,"minecraft:obsidian":14,"minecraft:iron_hoe":35,"minecraft:iron_axe":11,"minecraft:iron_boots":1,"minecraft:golden_carrot":1,"minecraft:bow":5,"minecraft:soul_soil":14,"minecraft:furnace":8,"minecraft:egg":6,"minecraft:cooked_beef":28,"minecraft:cobbled_deepslate":99,"minecraft:iron_leggings":1,"minecraft:water_bucket":129,"minecraft:diorite":8,"minecraft:birch_planks":3,"minecraft:stone_pickaxe":97,"minecraft:ender_pearl":1,"minecraft:wooden_pickaxe":9,"minecraft:birch_boat":1,"minecraft:diamond_axe":5,"minecraft:golden_apple":1,"minecraft:crafting_table":11,"minecraft:white_bed":5,"minecraft:dripstone_block":1,"minecraft:diamond_pickaxe":525,"minecraft:bread":71,"minecraft:iron_pickaxe":419,"minecraft:stone_axe":12,"minecraft:pink_petals":1,"minecraft:diamond_sword":31,"minecraft:wooden_sword":2,"minecraft:cobblestone":88,"minecraft:cooked_porkchop":3,"minecraft:andesite":3,"minecraft:bucket":131,"minecraft:bone_meal":13}},"DataVersion":3955}