{"stats":{"minecraft:broken":{"minecraft:stone_sword":1,"minecraft:shield":1,"minecraft:iron_pickaxe":1},"minecraft:killed_by":{"minecraft:creeper":1,"minecraft:skeleton":4},"minecraft:mined":{"minecraft:diamond_ore":6,"minecraft:large_amethyst_bud":1,"minecraft:tuff":23,"minecraft:white_bed":2,"minecraft:deepslate_diamond_ore":53,"minecraft:obsidian":17,"minecraft:granite":7,"minecraft:grass_block":2,"minecraft:spawner":3,"minecraft:hay_block":32,"minecraft:redstone_ore":13,"minecraft:furnace":6,"minecraft:iron_ore":87,"minecraft:cobbled_deepslate":4,"minecraft:fire":16,"minecraft:andesite":6,"minecraft:deepslate_lapis_ore":2,"minecraft:gold_block":2,"minecraft:pointed_dripstone":4,"minecraft:rail":230,"minecraft:stone":86,"minecraft:orange_bed":2,"minecraft:deepslate_redstone_ore":26,"minecraft:kelp_plant":1,"minecraft:medium_amethyst_bud":1,"minecraft:amethyst_cluster":2,"minecraft:crafting_table":7,"minecraft:torch":1,"minecraft:short_grass":11,"minecraft:tall_grass":6,"minecraft:cobblestone":7,"minecraft:lapis_ore":3,"minecraft:deepslate_gold_ore":28,"minecraft:oak_planks":4,"minecraft:diorite":10,"minecraft:amethyst_block":2,"minecraft:pink_petals":1,"minecraft:birch_log":27,"minecraft:birch_leaves":8,"minecraft:stone_brick_stairs":1,"minecraft:oak_log":7,"minecraft:coal_ore":22,"minecraft:gravel":6,"minecraft:dripstone_block":1,"minecraft:dirt":3,"minecraft:cobweb":39,"minecraft:gold_ore":7,"minecraft:deepslate":86},"minecraft:dropped":{"minecraft:bread":32,"minecraft:cooked_beef":2,"minecraft:glow_ink_sac":4,"minecraft:diamond":2,"minecraft:cooked_porkchop":3,"minecraft:feather":2,"minecraft:rail":8,"minecraft:stick":3,"minecraft:string":15,"minecraft:bone":2,"minecraft:gravel":8,"minecraft:stone_axe":1,"minecraft:cooked_chicken":1,"minecraft:tuff":23,"minecraft:birch_sapling":3,"minecraft:pointed_dripstone":5,"minecraft:rotten_flesh":4,"minecraft:spider_eye":1,"minecraft:bow":1,"minecraft:arrow":2,"minecraft:stone_pickaxe":1,"minecraft:stone_brick_stairs":1,"minecraft:black_wool":1},"minecraft:killed":{"minecraft:cave_spider":5,"minecraft:spider":2,"minecraft:skeleton":18,"minecraft:chicken":1,"minecraft:pig":14,"minecraft:zombie_villager":1,"minecraft:bat":1,"minecraft:creeper":1,"minecraft:sheep":6,"minecraft:zombie":28,"minecraft:cow":15},"minecraft:custom":{"minecraft:mob_kills":92,"minecraft:interact_with_crafting_table":35,"minecraft:leave_game":5,"minecraft:time_since_death":145458,"minecraft:sprint_one_cm":510655,"minecraft:walk_one_cm":343025,"minecraft:damage_blocked_by_shield":4095,"minecraft:drop":26,"minecraft:talked_to_villager":2,"minecraft:play_time":176712,"minecraft:deaths":6,"minecraft:sneak_time":7822,"minecraft:walk_under_water_one_cm":23197,"minecraft:boat_one_cm":29297,"minecraft:jump":3531,"minecraft:interact_with_blast_furnace":7,"minecraft:walk_on_water_one_cm":37276,"minecraft:total_world_time":176712,"minecraft:interact_with_furnace":87,"minecraft:sleep_in_bed":5,"minecraft:time_since_rest":42833,"minecraft:damage_taken":4722,"minecraft:damage_absorbed":40,"minecraft:damage_dealt":13528,"minecraft:swim_one_cm":70571,"minecraft:fly_one_cm":578345,"minecraft:open_chest":31,"minecraft:crouch_one_cm":18554,"minecraft:interact_with_smoker":7,"minecraft:fall_one_cm":93247},"minecraft:crafted":{"minecraft:cherry_planks":28,"minecraft:wooden_sword":1,"minecraft:oak_planks":4,"minecraft:birch_boat":1,"minecraft:furnace":3,"minecraft:bone_meal":18,"minecraft:iron_boots":1,"minecraft:iron_axe":1,"minecraft:iron_hoe":1,"minecraft:stone_pickaxe":1,"minecraft:chest":1,"minecraft:wheat":288,"minecraft:cooked_beef":40,"minecraft:cooked_porkchop":20,"minecraft:crafting_table":5,"minecraft:wooden_pickaxe":1,"minecraft:iron_helmet":1,"minecraft:iron_sword":1,"minecraft:bucket":2,"minecraft:birch_planks":88,"minecraft:stone_axe":1,"minecraft:bread":97,"minecraft:air":0,"minecraft:iron_chestplate":1,"minecraft:diamond_pickaxe":1,"minecraft:shield":3,"minecraft:stick":28,"minecraft:iron_ingot":83,"minecraft:iron_pickaxe":3,"minecraft:stone_sword":1,"minecraft:iron_leggings":1,"minecraft:gold_ingot":18,"minecraft:white_bed":1,"minecraft:torch":8},"minecraft:picked_up":{"minecraft:crafting_table":7,"minecraft:iron_chestplate":3,"minecraft:chicken":1,"minecraft:wooden_pickaxe":2,"minecraft:gold_block":2,"minecraft:stone_brick_stairs":1,"minecraft:shield":2,"minecraft:amethyst_block":2,"minecraft:string":48,"minecraft:wooden_sword":1,"minecraft:iron_leggings":1,"minecraft:cobbled_deepslate":78,"minecraft:beef":31,"minecraft:iron_pickaxe":2,"minecraft:birch_sapling":6,"minecraft:furnace":7,"minecraft:egg":6,"minecraft:stick":27,"minecraft:raw_iron":87,"minecraft:torch":27,"minecraft:porkchop":24,"minecraft:pointed_dripstone":5,"minecraft:diorite":11,"minecraft:redstone":174,"minecraft:orange_bed":2,"minecraft:stone_sword":4,"minecraft:arrow":9,"minecraft:rotten_flesh":35,"minecraft:cooked_cod":2,"minecraft:hay_block":32,"minecraft:obsidian":15,"minecraft:mutton":9,"minecraft:rail":227,"minecraft:white_wool":6,"minecraft:cobblestone":281,"minecraft:birch_log":32,"minecraft:pink_petals":1,"minecraft:feather":6,"minecraft:glow_ink_sac":4,"minecraft:andesite":11,"minecraft:leather":20,"minecraft:birch_planks":101,"minecraft:flint":1,"minecraft:tuff":23,"minecraft:oak_log":7,"minecraft:lapis_lazuli":13,"minecraft:dirt":22,"minecraft:cooked_mutton":4,"minecraft:bone":16,"minecraft:bow":2,"minecraft:wheat_seeds":5,"minecraft:raw_gold":35,"minecraft:stone_pickaxe":6,"minecraft:iron_ingot":10,"minecraft:cooked_chicken":4,"minecraft:moss_block":1,"minecraft:oak_planks":3,"minecraft:cooked_porkchop":1,"minecraft:birch_boat":1,"minecraft:axolotl_bucket":1,"minecraft:dripstone_block":1,"minecraft:gravel":13,"minecraft:amethyst_shard":8,"minecraft:white_bed":4,"minecraft:spider_eye":3,"minecraft:diamond":62,"minecraft:stone_axe":4,"minecraft:granite":6,"minecraft:black_wool":1,"minecraft:coal":190},"minecraft:used":{"minecraft:peony":1,"minecraft:cherry_sapling":3,"minecraft:stone_sword":153,"minecraft:chest":1,"minecraft:shield":85,"minecraft:iron_sword":158,"minecraft:cooked_chicken":1,"minecraft:rotten_flesh":2,"minecraft:iron_chestplate":2,"minecraft:orange_bed":2,"minecraft:torch":26,"minecraft:dirt":1,"minecraft:granite":6,"minecraft:iron_hoe":35,"minecraft:iron_axe":7,"minecraft:iron_boots":1,"minecraft:bow":3,"minecraft:furnace":8,"minecraft:egg":6,"minecraft:cooked_beef":6,"minecraft:cobbled_deepslate":36,"minecraft:iron_leggings":1,"minecraft:water_bucket":118,"minecraft:diorite":8,"minecraft:birch_planks":3,"minecraft:stone_pickaxe":97,"minecraft:wooden_pickaxe":9,"minecraft:birch_boat":1,"minecraft:golden_apple":1,"minecraft:crafting_table":11,"minecraft:white_bed":4,"minecraft:dripstone_block":1,"minecraft:diamond_pickaxe":224,"minecraft:bread":64,"minecraft:iron_pickaxe":419,"minecraft:stone_axe":12,"minecraft:pink_petals":1,"minecraft:wooden_sword":2,"minecraft:cobblestone":88,"minecraft:cooked_porkchop":3,"minecraft:andesite":3,"minecraft:bucket":120,"minecraft:bone_meal":13}},"DataVersion":3955}