{"stats":{"minecraft:killed_by":{"minecraft:creeper":1,"minecraft:skeleton":4},"minecraft:dropped":{"minecraft:bread":32,"minecraft:cooked_beef":2,"minecraft:diamond":2,"minecraft:cooked_porkchop":3,"minecraft:feather":2,"minecraft:string":1,"minecraft:bone":2,"minecraft:gravel":5,"minecraft:stone_axe":1,"minecraft:cooked_chicken":1,"minecraft:birch_sapling":3,"minecraft:pointed_dripstone":5,"minecraft:rotten_flesh":4,"minecraft:spider_eye":1,"minecraft:arrow":1,"minecraft:stone_pickaxe":1,"minecraft:black_wool":1},"minecraft:used":{"minecraft:stone_sword":111,"minecraft:shield":12,"minecraft:rotten_flesh":2,"minecraft:cooked_chicken":1,"minecraft:iron_chestplate":2,"minecraft:orange_bed":2,"minecraft:dirt":1,"minecraft:granite":6,"minecraft:iron_hoe":35,"minecraft:iron_boots":1,"minecraft:furnace":8,"minecraft:egg":4,"minecraft:cooked_beef":6,"minecraft:cobbled_deepslate":8,"minecraft:iron_leggings":1,"minecraft:water_bucket":3,"minecraft:diorite":8,"minecraft:birch_planks":3,"minecraft:stone_pickaxe":97,"minecraft:wooden_pickaxe":9,"minecraft:birch_boat":1,"minecraft:crafting_table":9,"minecraft:white_bed":2,"minecraft:dripstone_block":1,"minecraft:bread":15,"minecraft:iron_pickaxe":156,"minecraft:stone_axe":12,"minecraft:wooden_sword":2,"minecraft:cobblestone":66,"minecraft:cooked_porkchop":3,"minecraft:andesite":3,"minecraft:bucket":5},"minecraft:custom":{"minecraft:mob_kills":47,"minecraft:interact_with_crafting_table":29,"minecraft:leave_game":2,"minecraft:time_since_death":65253,"minecraft:sprint_one_cm":282493,"minecraft:walk_one_cm":147194,"minecraft:damage_blocked_by_shield":884,"minecraft:drop":17,"minecraft:talked_to_villager":2,"minecraft:play_time":96507,"minecraft:deaths":6,"minecraft:sneak_time":3717,"minecraft:walk_under_water_one_cm":11832,"minecraft:boat_one_cm":29297,"minecraft:jump":2196,"minecraft:walk_on_water_one_cm":15179,"minecraft:total_world_time":96507,"minecraft:interact_with_furnace":81,"minecraft:sleep_in_bed":4,"minecraft:time_since_rest":11428,"minecraft:damage_taken":2599,"minecraft:damage_dealt":5359,"minecraft:swim_one_cm":24609,"minecraft:fly_one_cm":352798,"minecraft:open_chest":6,"minecraft:crouch_one_cm":9045,"minecraft:fall_one_cm":57510},"minecraft:mined":{"minecraft:diamond_ore":6,"minecraft:white_bed":1,"minecraft:deepslate_diamond_ore":8,"minecraft:granite":7,"minecraft:grass_block":2,"minecraft:hay_block":32,"minecraft:furnace":6,"minecraft:iron_ore":87,"minecraft:fire":13,"minecraft:andesite":6,"minecraft:pointed_dripstone":4,"minecraft:stone":83,"minecraft:orange_bed":2,"minecraft:kelp_plant":1,"minecraft:crafting_table":7,"minecraft:short_grass":5,"minecraft:cobblestone":5,"minecraft:tall_grass":3,"minecraft:lapis_ore":3,"minecraft:diorite":10,"minecraft:birch_log":27,"minecraft:birch_leaves":8,"minecraft:coal_ore":22,"minecraft:gravel":6,"minecraft:dripstone_block":1,"minecraft:dirt":3,"minecraft:gold_ore":4,"minecraft:deepslate":8},"minecraft:picked_up":{"minecraft:crafting_table":7,"minecraft:iron_chestplate":3,"minecraft:chicken":1,"minecraft:wooden_pickaxe":2,"minecraft:shield":2,"minecraft:string":3,"minecraft:wooden_sword":1,"minecraft:iron_leggings":1,"minecraft:cobbled_deepslate":8,"minecraft:beef":31,"minecraft:iron_pickaxe":2,"minecraft:birch_sapling":6,"minecraft:furnace":7,"minecraft:egg":4,"minecraft:raw_iron":87,"minecraft:stick":27,"minecraft:torch":24,"minecraft:porkchop":24,"minecraft:pointed_dripstone":5,"minecraft:diorite":11,"minecraft:orange_bed":2,"minecraft:stone_sword":4,"minecraft:arrow":1,"minecraft:rotten_flesh":11,"minecraft:cooked_cod":2,"minecraft:hay_block":32,"minecraft:mutton":9,"minecraft:cobblestone":276,"minecraft:white_wool":6,"minecraft:birch_log":32,"minecraft:feather":6,"minecraft:andesite":11,"minecraft:leather":20,"minecraft:birch_planks":101,"minecraft:flint":1,"minecraft:lapis_lazuli":13,"minecraft:dirt":17,"minecraft:cooked_mutton":4,"minecraft:bone":4,"minecraft:wheat_seeds":3,"minecraft:raw_gold":4,"minecraft:iron_ingot":10,"minecraft:stone_pickaxe":6,"minecraft:cooked_chicken":4,"minecraft:moss_block":1,"minecraft:cooked_porkchop":1,"minecraft:birch_boat":1,"minecraft:axolotl_bucket":1,"minecraft:dripstone_block":1,"minecraft:gravel":10,"minecraft:white_bed":2,"minecraft:spider_eye":2,"minecraft:diamond":18,"minecraft:stone_axe":4,"minecraft:granite":6,"minecraft:black_wool":1,"minecraft:coal":190},"minecraft:crafted":{"minecraft:wooden_sword":1,"minecraft:birch_boat":1,"minecraft:furnace":3,"minecraft:iron_boots":1,"minecraft:iron_hoe":1,"minecraft:stone_pickaxe":1,"minecraft:wheat":288,"minecraft:cooked_beef":21,"minecraft:cooked_porkchop":20,"minecraft:crafting_table":3,"minecraft:wooden_pickaxe":1,"minecraft:iron_helmet":1,"minecraft:iron_sword":1,"minecraft:bucket":2,"minecraft:birch_planks":88,"minecraft:stone_axe":1,"minecraft:bread":97,"minecraft:air":0,"minecraft:iron_chestplate":1,"minecraft:shield":2,"minecraft:stick":20,"minecraft:iron_ingot":61,"minecraft:iron_pickaxe":3,"minecraft:stone_sword":1,"minecraft:iron_leggings":1,"minecraft:white_bed":1},"minecraft:killed":{"minecraft:spider":1,"minecraft:skeleton":2,"minecraft:chicken":1,"minecraft:pig":14,"minecraft:zombie_villager":1,"minecraft:bat":1,"minecraft:sheep":6,"minecraft:zombie":6,"minecraft:cow":15}},"DataVersion":3955}