{"stats":{"minecraft:killed_by":{"minecraft:skeleton":4,"minecraft:creeper":1},"minecraft:dropped":{"minecraft:bread":32,"minecraft:cooked_chicken":1,"minecraft:cooked_beef":2,"minecraft:cooked_porkchop":3,"minecraft:black_wool":1},"minecraft:used":{"minecraft:water_bucket":3,"minecraft:diorite":8,"minecraft:stone_sword":75,"minecraft:birch_planks":3,"minecraft:stone_pickaxe":97,"minecraft:birch_boat":1,"minecraft:wooden_pickaxe":9,"minecraft:shield":11,"minecraft:cooked_chicken":1,"minecraft:rotten_flesh":2,"minecraft:orange_bed":2,"minecraft:iron_chestplate":2,"minecraft:dirt":1,"minecraft:crafting_table":9,"minecraft:white_bed":1,"minecraft:dripstone_block":1,"minecraft:granite":6,"minecraft:iron_hoe":35,"minecraft:bread":10,"minecraft:iron_pickaxe":60,"minecraft:stone_axe":12,"minecraft:wooden_sword":2,"minecraft:cobblestone":49,"minecraft:furnace":6,"minecraft:cooked_porkchop":3,"minecraft:bucket":4,"minecraft:andesite":3,"minecraft:egg":4,"minecraft:cooked_beef":6,"minecraft:cobbled_deepslate":8},"minecraft:custom":{"minecraft:interact_with_furnace":41,"minecraft:mob_kills":33,"minecraft:interact_with_crafting_table":19,"minecraft:leave_game":2,"minecraft:time_since_death":41253,"minecraft:sleep_in_bed":3,"minecraft:time_since_rest":622,"minecraft:sprint_one_cm":240514,"minecraft:damage_taken":2499,"minecraft:walk_one_cm":116475,"minecraft:damage_blocked_by_shield":660,"minecraft:drop":5,"minecraft:damage_dealt":3798,"minecraft:talked_to_villager":2,"minecraft:swim_one_cm":24387,"minecraft:fly_one_cm":286598,"minecraft:open_chest":6,"minecraft:crouch_one_cm":6792,"minecraft:play_time":72507,"minecraft:deaths":6,"minecraft:sneak_time":2485,"minecraft:walk_under_water_one_cm":10226,"minecraft:boat_one_cm":29297,"minecraft:jump":1746,"minecraft:walk_on_water_one_cm":13420,"minecraft:total_world_time":72507,"minecraft:fall_one_cm":46034},"minecraft:mined":{"minecraft:diamond_ore":4,"minecraft:white_bed":1,"minecraft:deepslate_diamond_ore":8,"minecraft:kelp_plant":1,"minecraft:crafting_table":7,"minecraft:granite":7,"minecraft:short_grass":4,"minecraft:grass_block":2,"minecraft:cobblestone":5,"minecraft:diorite":10,"minecraft:hay_block":32,"minecraft:furnace":5,"minecraft:birch_log":27,"minecraft:iron_ore":30,"minecraft:fire":13,"minecraft:andesite":6,"minecraft:birch_leaves":8,"minecraft:pointed_dripstone":4,"minecraft:coal_ore":21,"minecraft:dripstone_block":1,"minecraft:gravel":6,"minecraft:dirt":3,"minecraft:stone":55,"minecraft:deepslate":8,"minecraft:orange_bed":2},"minecraft:picked_up":{"minecraft:birch_log":32,"minecraft:iron_chestplate":3,"minecraft:crafting_table":7,"minecraft:feather":6,"minecraft:chicken":1,"minecraft:andesite":11,"minecraft:leather":12,"minecraft:wooden_pickaxe":2,"minecraft:birch_planks":101,"minecraft:flint":1,"minecraft:shield":2,"minecraft:dirt":17,"minecraft:string":3,"minecraft:wooden_sword":1,"minecraft:iron_leggings":1,"minecraft:cooked_mutton":4,"minecraft:bone":4,"minecraft:wheat_seeds":3,"minecraft:cobbled_deepslate":8,"minecraft:stone_pickaxe":6,"minecraft:beef":18,"minecraft:iron_ingot":10,"minecraft:cooked_chicken":4,"minecraft:iron_pickaxe":2,"minecraft:moss_block":1,"minecraft:birch_sapling":6,"minecraft:egg":4,"minecraft:furnace":6,"minecraft:stick":27,"minecraft:raw_iron":30,"minecraft:birch_boat":1,"minecraft:cooked_porkchop":1,"minecraft:torch":24,"minecraft:axolotl_bucket":1,"minecraft:dripstone_block":1,"minecraft:gravel":10,"minecraft:porkchop":12,"minecraft:pointed_dripstone":5,"minecraft:diorite":11,"minecraft:white_bed":2,"minecraft:spider_eye":2,"minecraft:orange_bed":2,"minecraft:stone_sword":4,"minecraft:arrow":1,"minecraft:rotten_flesh":11,"minecraft:cooked_cod":2,"minecraft:diamond":16,"minecraft:stone_axe":4,"minecraft:hay_block":32,"minecraft:granite":6,"minecraft:black_wool":1,"minecraft:mutton":9,"minecraft:coal":189,"minecraft:white_wool":6,"minecraft:cobblestone":246},"minecraft:crafted":{"minecraft:cooked_beef":18,"minecraft:wooden_sword":1,"minecraft:cooked_porkchop":7,"minecraft:crafting_table":3,"minecraft:birch_boat":1,"minecraft:wooden_pickaxe":1,"minecraft:furnace":3,"minecraft:bucket":1,"minecraft:birch_planks":88,"minecraft:stone_axe":1,"minecraft:bread":97,"minecraft:air":0,"minecraft:shield":2,"minecraft:iron_hoe":1,"minecraft:stick":20,"minecraft:iron_ingot":18,"minecraft:iron_pickaxe":3,"minecraft:stone_pickaxe":1,"minecraft:stone_sword":1,"minecraft:white_bed":1,"minecraft:wheat":288},"minecraft:killed":{"minecraft:pig":7,"minecraft:zombie_villager":1,"minecraft:spider":1,"minecraft:bat":1,"minecraft:skeleton":2,"minecraft:sheep":6,"minecraft:zombie":5,"minecraft:chicken":1,"minecraft:cow":9}},"DataVersion":3955}