{"stats":{"minecraft:killed_by":{"minecraft:skeleton":4,"minecraft:creeper":1},"minecraft:dropped":{"minecraft:cooked_chicken":1,"minecraft:cooked_beef":2,"minecraft:cooked_porkchop":3},"minecraft:used":{"minecraft:water_bucket":3,"minecraft:diorite":8,"minecraft:stone_sword":53,"minecraft:birch_planks":3,"minecraft:stone_pickaxe":97,"minecraft:birch_boat":1,"minecraft:wooden_pickaxe":9,"minecraft:shield":6,"minecraft:cooked_chicken":1,"minecraft:rotten_flesh":2,"minecraft:iron_chestplate":2,"minecraft:dirt":1,"minecraft:crafting_table":7,"minecraft:granite":6,"minecraft:iron_pickaxe":4,"minecraft:stone_axe":11,"minecraft:wooden_sword":2,"minecraft:cobblestone":17,"minecraft:furnace":6,"minecraft:cooked_porkchop":3,"minecraft:bucket":4,"minecraft:andesite":3,"minecraft:egg":4,"minecraft:cooked_beef":5},"minecraft:mined":{"minecraft:deepslate_diamond_ore":2,"minecraft:kelp_plant":1,"minecraft:crafting_table":6,"minecraft:granite":7,"minecraft:short_grass":1,"minecraft:grass_block":2,"minecraft:cobblestone":1,"minecraft:diorite":10,"minecraft:furnace":3,"minecraft:birch_log":27,"minecraft:iron_ore":17,"minecraft:fire":13,"minecraft:andesite":6,"minecraft:birch_leaves":8,"minecraft:coal_ore":12,"minecraft:gravel":6,"minecraft:dirt":2,"minecraft:stone":42,"minecraft:deepslate":8,"minecraft:orange_bed":1},"minecraft:custom":{"minecraft:interact_with_furnace":39,"minecraft:mob_kills":24,"minecraft:interact_with_crafting_table":14,"minecraft:leave_game":2,"minecraft:time_since_death":17253,"minecraft:time_since_rest":17279,"minecraft:sprint_one_cm":176578,"minecraft:damage_taken":2149,"minecraft:walk_one_cm":81882,"minecraft:damage_blocked_by_shield":390,"minecraft:drop":3,"minecraft:damage_dealt":2950,"minecraft:talked_to_villager":2,"minecraft:swim_one_cm":3094,"minecraft:fly_one_cm":182267,"minecraft:open_chest":2,"minecraft:crouch_one_cm":5778,"minecraft:play_time":48507,"minecraft:deaths":6,"minecraft:sneak_time":2122,"minecraft:walk_under_water_one_cm":2632,"minecraft:boat_one_cm":29297,"minecraft:jump":1069,"minecraft:walk_on_water_one_cm":7138,"minecraft:total_world_time":48507,"minecraft:fall_one_cm":28314},"minecraft:picked_up":{"minecraft:birch_log":32,"minecraft:iron_chestplate":3,"minecraft:crafting_table":6,"minecraft:feather":6,"minecraft:chicken":1,"minecraft:andesite":11,"minecraft:leather":12,"minecraft:wooden_pickaxe":2,"minecraft:birch_planks":101,"minecraft:flint":1,"minecraft:shield":2,"minecraft:dirt":16,"minecraft:string":2,"minecraft:wooden_sword":1,"minecraft:iron_leggings":1,"minecraft:cooked_mutton":4,"minecraft:bone":2,"minecraft:wheat_seeds":3,"minecraft:cobbled_deepslate":8,"minecraft:stone_pickaxe":6,"minecraft:beef":18,"minecraft:iron_ingot":10,"minecraft:cooked_chicken":4,"minecraft:iron_pickaxe":2,"minecraft:moss_block":1,"minecraft:birch_sapling":6,"minecraft:egg":4,"minecraft:furnace":4,"minecraft:stick":27,"minecraft:raw_iron":17,"minecraft:birch_boat":1,"minecraft:cooked_porkchop":1,"minecraft:torch":23,"minecraft:axolotl_bucket":1,"minecraft:gravel":10,"minecraft:porkchop":11,"minecraft:diorite":11,"minecraft:white_bed":1,"minecraft:spider_eye":1,"minecraft:orange_bed":1,"minecraft:stone_sword":4,"minecraft:rotten_flesh":9,"minecraft:cooked_cod":2,"minecraft:diamond":6,"minecraft:stone_axe":4,"minecraft:granite":6,"minecraft:mutton":5,"minecraft:coal":165,"minecraft:white_wool":4,"minecraft:cobblestone":226},"minecraft:crafted":{"minecraft:cooked_beef":7,"minecraft:wooden_sword":1,"minecraft:cooked_porkchop":7,"minecraft:crafting_table":2,"minecraft:birch_boat":1,"minecraft:wooden_pickaxe":1,"minecraft:furnace":3,"minecraft:bucket":1,"minecraft:birch_planks":88,"minecraft:stone_axe":1,"minecraft:air":0,"minecraft:shield":1,"minecraft:stick":16,"minecraft:iron_ingot":17,"minecraft:iron_pickaxe":3,"minecraft:stone_pickaxe":1,"minecraft:stone_sword":1},"minecraft:killed":{"minecraft:pig":6,"minecraft:zombie_villager":1,"minecraft:sheep":3,"minecraft:zombie":4,"minecraft:chicken":1,"minecraft:cow":9}},"DataVersion":3955}