{"stats":{"minecraft:dropped":{"minecraft:cooked_beef":2},"minecraft:used":{"minecraft:water_bucket":3,"minecraft:diorite":8,"minecraft:stone_sword":12,"minecraft:stone_pickaxe":42,"minecraft:shield":2,"minecraft:wooden_pickaxe":9,"minecraft:rotten_flesh":1,"minecraft:iron_chestplate":1,"minecraft:stone_axe":7,"minecraft:wooden_sword":2,"minecraft:dirt":1,"minecraft:cobblestone":9,"minecraft:crafting_table":5,"minecraft:furnace":2,"minecraft:bucket":4,"minecraft:egg":1,"minecraft:cooked_beef":3,"minecraft:granite":6},"minecraft:mined":{"minecraft:furnace":1,"minecraft:iron_ore":6,"minecraft:birch_log":17,"minecraft:birch_leaves":2,"minecraft:crafting_table":4,"minecraft:granite":7,"minecraft:grass_block":1,"minecraft:cobblestone":1,"minecraft:stone":26,"minecraft:diorite":10},"minecraft:custom":{"minecraft:time_since_rest":16530,"minecraft:interact_with_furnace":11,"minecraft:sprint_one_cm":47653,"minecraft:damage_taken":367,"minecraft:walk_one_cm":25740,"minecraft:damage_blocked_by_shield":120,"minecraft:mob_kills":5,"minecraft:drop":1,"minecraft:damage_dealt":724,"minecraft:swim_one_cm":716,"minecraft:interact_with_crafting_table":8,"minecraft:fly_one_cm":41904,"minecraft:crouch_one_cm":4522,"minecraft:play_time":16530,"minecraft:sneak_time":1703,"minecraft:walk_under_water_one_cm":2034,"minecraft:jump":347,"minecraft:walk_on_water_one_cm":1034,"minecraft:time_since_death":16530,"minecraft:total_world_time":16530,"minecraft:fall_one_cm":4815},"minecraft:picked_up":{"minecraft:birch_log":17,"minecraft:raw_iron":6,"minecraft:iron_chestplate":1,"minecraft:crafting_table":4,"minecraft:leather":3,"minecraft:diorite":9,"minecraft:dirt":1,"minecraft:rotten_flesh":1,"minecraft:beef":7,"minecraft:granite":6,"minecraft:egg":1,"minecraft:cobblestone":92,"minecraft:furnace":1},"minecraft:crafted":{"minecraft:cooked_beef":7,"minecraft:wooden_sword":1,"minecraft:shield":1,"minecraft:crafting_table":1,"minecraft:stick":8,"minecraft:iron_ingot":4,"minecraft:wooden_pickaxe":1,"minecraft:stone_pickaxe":1,"minecraft:stone_sword":1,"minecraft:furnace":1,"minecraft:bucket":1,"minecraft:birch_planks":68,"minecraft:stone_axe":1,"minecraft:air":0},"minecraft:killed":{"minecraft:zombie":1,"minecraft:cow":4}},"DataVersion":3955}