{"stats":{"minecraft:killed_by":{"minecraft:creeper":1,"minecraft:skeleton":2,"minecraft:witch":1},"minecraft:dropped":{"minecraft:oak_slab":63,"minecraft:birch_planks":86,"minecraft:wheat_seeds":26,"minecraft:cooked_beef":1,"minecraft:oak_log":54,"minecraft:cobblestone":67,"minecraft:rail":3,"minecraft:birch_slab":72,"minecraft:stick":14,"minecraft:dirt":258,"minecraft:torch":9,"minecraft:oak_stairs":51,"minecraft:flowering_azalea":1,"minecraft:string":2,"minecraft:birch_stairs":1,"minecraft:redstone":4,"minecraft:gravel":3,"minecraft:stone_axe":9,"minecraft:birch_sapling":1,"minecraft:obsidian":1,"minecraft:stone_shovel":3,"minecraft:rotten_flesh":35,"minecraft:white_bed":2,"minecraft:peony":4,"minecraft:iron_chestplate":1,"minecraft:oak_sapling":1,"minecraft:birch_boat":1,"minecraft:egg":4},"minecraft:broken":{"minecraft:stone_sword":1,"minecraft:wooden_pickaxe":3,"minecraft:stone_pickaxe":4,"minecraft:iron_axe":1,"minecraft:stone_axe":16,"minecraft:iron_pickaxe":1,"minecraft:stone_shovel":18},"minecraft:used":{"minecraft:peony":4,"minecraft:armor_stand":2,"minecraft:oak_trapdoor":87,"minecraft:iron_shovel":68,"minecraft:stone_sword":177,"minecraft:stone_shovel":2532,"minecraft:ladder":6,"minecraft:chest":38,"minecraft:shield":26,"minecraft:iron_sword":94,"minecraft:cooked_chicken":4,"minecraft:orange_bed":8,"minecraft:iron_chestplate":1,"minecraft:torch":443,"minecraft:dirt":1984,"minecraft:tuff":3,"minecraft:granite":1,"minecraft:iron_axe":251,"minecraft:oak_stairs":497,"minecraft:birch_sapling":36,"minecraft:iron_helmet":1,"minecraft:iron_boots":1,"minecraft:oak_sapling":144,"minecraft:furnace":10,"minecraft:cooked_mutton":26,"minecraft:egg":7,"minecraft:water_bucket":46,"minecraft:cooked_beef":24,"minecraft:cobbled_deepslate":11,"minecraft:iron_leggings":2,"minecraft:birch_planks":530,"minecraft:stone_pickaxe":654,"minecraft:oak_planks":423,"minecraft:wooden_pickaxe":177,"minecraft:oak_slab":93,"minecraft:crafting_table":25,"minecraft:red_bed":6,"minecraft:blast_furnace":2,"minecraft:white_bed":3,"minecraft:dripstone_block":5,"minecraft:smoker":2,"minecraft:birch_fence":1,"minecraft:oak_log":687,"minecraft:flower_pot":3,"minecraft:birch_slab":188,"minecraft:sunflower":1,"minecraft:bread":32,"minecraft:iron_pickaxe":390,"minecraft:gravel":1,"minecraft:stone_axe":2123,"minecraft:pink_petals":4,"minecraft:fishing_rod":25,"minecraft:cobblestone":146,"minecraft:cooked_porkchop":48,"minecraft:bucket":47,"minecraft:glass_pane":143,"minecraft:birch_stairs":428,"minecraft:oak_fence":58},"minecraft:mined":{"minecraft:white_bed":5,"minecraft:tuff":3,"minecraft:oak_sapling":1,"minecraft:deepslate_diamond_ore":8,"minecraft:cherry_log":10,"minecraft:glow_lichen":1,"minecraft:granite":6,"minecraft:acacia_log":4,"minecraft:grass_block":937,"minecraft:birch_slab":37,"minecraft:moss_block":1,"minecraft:oak_trapdoor":59,"minecraft:furnace":7,"minecraft:iron_ore":73,"minecraft:andesite":2,"minecraft:pumpkin":1,"minecraft:deepslate_lapis_ore":9,"minecraft:peony":6,"minecraft:pointed_dripstone":4,"minecraft:deepslate_iron_ore":21,"minecraft:oak_stairs":286,"minecraft:stone":470,"minecraft:orange_bed":9,"minecraft:birch_stairs":184,"minecraft:deepslate_redstone_ore":6,"minecraft:flowering_azalea":1,"minecraft:oak_slab":36,"minecraft:glass_pane":30,"minecraft:red_bed":4,"minecraft:smoker":1,"minecraft:clay":15,"minecraft:oak_fence":31,"minecraft:crafting_table":20,"minecraft:torch":48,"minecraft:short_grass":385,"minecraft:blast_furnace":1,"minecraft:poppy":4,"minecraft:chest":22,"minecraft:rose_bush":5,"minecraft:tall_grass":67,"minecraft:cobblestone":9,"minecraft:deepslate_gold_ore":9,"minecraft:oak_planks":185,"minecraft:sugar_cane":3,"minecraft:wall_torch":25,"minecraft:pink_petals":1,"minecraft:birch_planks":69,"minecraft:birch_log":365,"minecraft:birch_leaves":21,"minecraft:coal_ore":569,"minecraft:oak_log":1028,"minecraft:gravel":14,"minecraft:cherry_leaves":4,"minecraft:sand":80,"minecraft:flower_pot":2,"minecraft:sunflower":2,"minecraft:dripstone_block":5,"minecraft:dirt":1723,"minecraft:cobweb":6,"minecraft:oak_leaves":169,"minecraft:deepslate":9},"minecraft:custom":{"minecraft:mob_kills":105,"minecraft:interact_with_crafting_table":167,"minecraft:leave_game":16,"minecraft:time_since_death":883758,"minecraft:climb_one_cm":14814,"minecraft:sprint_one_cm":1155300,"minecraft:walk_one_cm":1499768,"minecraft:damage_blocked_by_shield":1243,"minecraft:drop":78,"minecraft:talked_to_villager":1,"minecraft:play_time":950054,"minecraft:sneak_time":103072,"minecraft:deaths":4,"minecraft:walk_under_water_one_cm":24148,"minecraft:boat_one_cm":30051,"minecraft:jump":12942,"minecraft:interact_with_blast_furnace":8,"minecraft:walk_on_water_one_cm":64086,"minecraft:total_world_time":950054,"minecraft:interact_with_furnace":129,"minecraft:sleep_in_bed":65,"minecraft:time_since_rest":1899,"minecraft:damage_taken":7783,"minecraft:damage_dealt":11527,"minecraft:swim_one_cm":78086,"minecraft:fly_one_cm":2150641,"minecraft:open_chest":194,"minecraft:crouch_one_cm":162710,"minecraft:interact_with_smoker":24,"minecraft:fish_caught":14,"minecraft:fall_one_cm":281174},"minecraft:picked_up":{"minecraft:fishing_rod":1,"minecraft:iron_chestplate":1,"minecraft:crafting_table":21,"minecraft:chicken":17,"minecraft:flower_pot":2,"minecraft:clay_ball":48,"minecraft:golden_pickaxe":1,"minecraft:lead":4,"minecraft:diamond_sword":3,"minecraft:oak_stairs":315,"minecraft:enchanted_book":1,"minecraft:golden_sword":1,"minecraft:amethyst_block":2,"minecraft:oak_trapdoor":59,"minecraft:string":36,"minecraft:red_bed":4,"minecraft:smooth_stone_slab":4,"minecraft:iron_leggings":1,"minecraft:pufferfish":4,"minecraft:diamond_leggings":1,"minecraft:smooth_stone":7,"minecraft:cobbled_deepslate":54,"minecraft:beef":31,"minecraft:rose_bush":5,"minecraft:iron_pickaxe":1,"minecraft:poppy":4,"minecraft:light_gray_wool":4,"minecraft:sugar_cane":12,"minecraft:chest":23,"minecraft:birch_sapling":40,"minecraft:furnace":7,"minecraft:iron_boots":1,"minecraft:egg":12,"minecraft:raw_iron":100,"minecraft:stick":152,"minecraft:oak_fence":34,"minecraft:torch":158,"minecraft:acacia_log":8,"minecraft:porkchop":32,"minecraft:cherry_log":10,"minecraft:pointed_dripstone":12,"minecraft:redstone":258,"minecraft:orange_bed":9,"minecraft:arrow":24,"minecraft:stone_shovel":5,"minecraft:rotten_flesh":83,"minecraft:diamond_chestplate":1,"minecraft:peony":10,"minecraft:diamond_boots":1,"minecraft:saddle":1,"minecraft:gold_ingot":36,"minecraft:mutton":46,"minecraft:obsidian":2,"minecraft:glow_berries":6,"minecraft:cod":20,"minecraft:rail":275,"minecraft:white_wool":41,"minecraft:cobblestone":491,"minecraft:birch_log":379,"minecraft:pink_petals":8,"minecraft:feather":20,"minecraft:cooked_beef":3,"minecraft:cherry_planks":10,"minecraft:golden_carrot":11,"minecraft:andesite":2,"minecraft:birch_slab":114,"minecraft:salmon":6,"minecraft:leather":46,"minecraft:smoker":1,"minecraft:birch_planks":128,"minecraft:tuff":3,"minecraft:oak_log":1102,"minecraft:lapis_lazuli":236,"minecraft:dirt":2981,"minecraft:name_tag":1,"minecraft:leather_boots":2,"minecraft:bone":29,"minecraft:apple":26,"minecraft:wheat_seeds":98,"minecraft:raw_gold":69,"minecraft:iron_ingot":77,"minecraft:cooked_chicken":12,"minecraft:diamond_helmet":1,"minecraft:moss_block":1,"minecraft:oak_planks":189,"minecraft:flowering_azalea":1,"minecraft:oak_slab":111,"minecraft:cooked_porkchop":17,"minecraft:birch_boat":2,"minecraft:pumpkin":2,"minecraft:dripstone_block":5,"minecraft:gravel":12,"minecraft:birch_stairs":179,"minecraft:sand":75,"minecraft:amethyst_shard":24,"minecraft:blast_furnace":1,"minecraft:white_bed":6,"minecraft:spider_eye":8,"minecraft:iron_hoe":1,"minecraft:diamond":61,"minecraft:stone_axe":12,"minecraft:iron_helmet":1,"minecraft:granite":7,"minecraft:bone_meal":5,"minecraft:cherry_sapling":3,"minecraft:gray_wool":1,"minecraft:emerald":1,"minecraft:bread":32,"minecraft:oak_sapling":161,"minecraft:melon_seeds":2,"minecraft:coal":1171,"minecraft:sunflower":3,"minecraft:diamond_pickaxe":6},"minecraft:crafted":{"minecraft:brick":3,"minecraft:cherry_planks":12,"minecraft:smooth_stone":8,"minecraft:oak_planks":1052,"minecraft:stone_shovel":23,"minecraft:fishing_rod":1,"minecraft:smooth_stone_slab":6,"minecraft:cooked_chicken":13,"minecraft:birch_slab":186,"minecraft:furnace":7,"minecraft:blast_furnace":1,"minecraft:stone":8,"minecraft:cooked_mutton":30,"minecraft:glass_pane":192,"minecraft:oak_trapdoor":28,"minecraft:glass":75,"minecraft:iron_boots":1,"minecraft:iron_axe":1,"minecraft:ladder":6,"minecraft:stone_pickaxe":8,"minecraft:chest":23,"minecraft:oak_fence":36,"minecraft:flower_pot":1,"minecraft:smoker":1,"minecraft:cooked_beef":22,"minecraft:red_dye":4,"minecraft:cooked_cod":2,"minecraft:oak_slab":264,"minecraft:cooked_porkchop":32,"minecraft:crafting_table":6,"minecraft:wooden_pickaxe":3,"minecraft:iron_helmet":1,"minecraft:iron_sword":1,"minecraft:red_bed":2,"minecraft:bucket":1,"minecraft:birch_planks":1375,"minecraft:stone_axe":21,"minecraft:air":0,"minecraft:iron_chestplate":3,"minecraft:shield":2,"minecraft:birch_fence":3,"minecraft:stick":232,"minecraft:iron_ingot":90,"minecraft:iron_pickaxe":2,"minecraft:oak_stairs":288,"minecraft:stone_sword":3,"minecraft:gold_ingot":9,"minecraft:iron_shovel":1,"minecraft:iron_leggings":2,"minecraft:armor_stand":2,"minecraft:white_bed":1,"minecraft:acacia_planks":16,"minecraft:torch":424,"minecraft:birch_stairs":368},"minecraft:killed":{"minecraft:cave_spider":2,"minecraft:spider":5,"minecraft:cod":2,"minecraft:skeleton":4,"minecraft:chicken":15,"minecraft:pig":16,"minecraft:sheep":28,"minecraft:trader_llama":1,"minecraft:zombie":14,"minecraft:cow":17}},"DataVersion":3955}