{"stats":{"minecraft:custom":{"minecraft:animals_bred":139,"minecraft:interact_with_crafting_table":415,"minecraft:open_barrel":20,"minecraft:bell_ring":51,"minecraft:leave_game":37,"minecraft:time_since_death":2838584,"minecraft:sprint_one_cm":4656092,"minecraft:damage_blocked_by_shield":1720,"minecraft:drop":467,"minecraft:talked_to_villager":216,"minecraft:play_time":2904880,"minecraft:deaths":4,"minecraft:interact_with_brewingstand":1,"minecraft:jump":38205,"minecraft:walk_on_water_one_cm":367159,"minecraft:enchant_item":13,"minecraft:interact_with_furnace":233,"minecraft:traded_with_villager":510,"minecraft:sleep_in_bed":173,"minecraft:damage_dealt":32611,"minecraft:crouch_one_cm":278550,"minecraft:interact_with_smoker":95,"minecraft:inspect_dispenser":13,"minecraft:interact_with_smithing_table":11,"minecraft:inspect_dropper":2,"minecraft:mob_kills":349,"minecraft:inspect_hopper":1,"minecraft:climb_one_cm":87574,"minecraft:walk_one_cm":4551397,"minecraft:sneak_time":155462,"minecraft:walk_under_water_one_cm":81042,"minecraft:boat_one_cm":1755646,"minecraft:interact_with_blast_furnace":17,"minecraft:total_world_time":2904880,"minecraft:pot_flower":1,"minecraft:interact_with_stonecutter":8,"minecraft:interact_with_grindstone":5,"minecraft:time_since_rest":4893,"minecraft:damage_taken":10956,"minecraft:minecart_one_cm":1994,"minecraft:swim_one_cm":408582,"minecraft:fly_one_cm":7799738,"minecraft:open_chest":1092,"minecraft:fish_caught":14,"minecraft:fall_one_cm":662187},"minecraft:crafted":{"minecraft:brick":3,"minecraft:smooth_stone":8,"minecraft:oak_planks":2252,"minecraft:oak_sign":9,"minecraft:cobblestone_slab":12,"minecraft:barrel":6,"minecraft:melon":18,"minecraft:birch_boat":4,"minecraft:cooked_chicken":24,"minecraft:birch_slab":186,"minecraft:stone":339,"minecraft:bookshelf":42,"minecraft:cooked_mutton":59,"minecraft:glass":108,"minecraft:hopper":1,"minecraft:stone_brick_slab":20,"minecraft:diamond_helmet":1,"minecraft:diamond_leggings":1,"minecraft:bow":14,"minecraft:iron_boots":1,"minecraft:birch_fence_gate":2,"minecraft:chest":33,"minecraft:oak_button":3,"minecraft:birch_button":4,"minecraft:stone_hoe":7,"minecraft:stone_bricks":121,"minecraft:oak_fence":117,"minecraft:gray_bed":1,"minecraft:flower_pot":1,"minecraft:smoker":5,"minecraft:glass_bottle":3,"minecraft:dropper":1,"minecraft:item_frame":13,"minecraft:oak_slab":264,"minecraft:arrow":20,"minecraft:emerald":345,"minecraft:cauldron":4,"minecraft:cooked_porkchop":59,"minecraft:crafting_table":11,"minecraft:spruce_planks":32,"minecraft:acacia_slab":18,"minecraft:wooden_pickaxe":3,"minecraft:iron_helmet":26,"minecraft:fletching_table":2,"minecraft:birch_planks":5151,"minecraft:campfire":2,"minecraft:dispenser":1,"minecraft:stone_brick_stairs":2,"minecraft:spruce_trapdoor":2,"minecraft:iron_chestplate":3,"minecraft:book":49,"minecraft:paper":147,"minecraft:shield":2,"minecraft:birch_fence":81,"minecraft:stick":6406,"minecraft:iron_ingot":149,"minecraft:iron_pickaxe":5,"minecraft:iron_block":6,"minecraft:stone_sword":3,"minecraft:gold_ingot":38,"minecraft:acacia_door":3,"minecraft:redstone_torch":7,"minecraft:composter":1,"minecraft:birch_stairs":412,"minecraft:cherry_planks":12,"minecraft:redstone":24,"minecraft:stone_shovel":52,"minecraft:fishing_rod":1,"minecraft:smooth_stone_slab":6,"minecraft:leather_boots":1,"minecraft:iron_nugget":216,"minecraft:furnace":15,"minecraft:blast_furnace":1,"minecraft:oak_trapdoor":32,"minecraft:glass_pane":272,"minecraft:lantern":9,"minecraft:iron_axe":15,"minecraft:ladder":12,"minecraft:spruce_slab":6,"minecraft:birch_chest_boat":2,"minecraft:stone_pickaxe":13,"minecraft:diamond_boots":1,"minecraft:chainmail_leggings":12,"minecraft:birch_sign":6,"minecraft:minecart":13,"minecraft:cooked_beef":94,"minecraft:red_dye":4,"minecraft:cooked_cod":11,"minecraft:enchanting_table":1,"minecraft:powered_rail":12,"minecraft:activator_rail":6,"minecraft:iron_sword":1,"minecraft:red_bed":2,"minecraft:cooked_salmon":14,"minecraft:bucket":22,"minecraft:stone_axe":62,"minecraft:bread":140,"minecraft:air":0,"minecraft:oak_boat":1,"minecraft:oak_fence_gate":23,"minecraft:gold_nugget":90,"minecraft:white_dye":1,"minecraft:flint":60,"minecraft:chainmail_boots":33,"minecraft:oak_stairs":436,"minecraft:wooden_axe":1,"minecraft:birch_trapdoor":2,"minecraft:iron_shovel":9,"minecraft:iron_leggings":2,"minecraft:armor_stand":2,"minecraft:stonecutter":1,"minecraft:anvil":1,"minecraft:white_bed":4,"minecraft:acacia_planks":60,"minecraft:torch":524,"minecraft:lapis_lazuli":12,"minecraft:diamond_chestplate":1},"minecraft:mined":{"minecraft:spruce_planks":5,"minecraft:oak_sapling":3,"minecraft:white_bed":18,"minecraft:farmland":3,"minecraft:cherry_log":10,"minecraft:brewing_stand":5,"minecraft:obsidian":24,"minecraft:spruce_trapdoor":2,"minecraft:granite":38,"minecraft:grass_block":2661,"minecraft:acacia_log":42,"minecraft:composter":62,"minecraft:oak_wall_sign":1,"minecraft:oxeye_daisy":1,"minecraft:smooth_stone":1,"minecraft:tall_seagrass":3,"minecraft:magma_block":5,"minecraft:iron_ore":87,"minecraft:barrel":58,"minecraft:fire":2,"minecraft:pumpkin":1,"minecraft:anvil":2,"minecraft:deepslate_lapis_ore":9,"minecraft:fletching_table":2,"minecraft:azure_bluet":1,"minecraft:enchanting_table":1,"minecraft:pointed_dripstone":4,"minecraft:water_cauldron":2,"minecraft:dirt_path":44,"minecraft:oak_stairs":314,"minecraft:birch_wall_sign":1,"minecraft:orange_bed":21,"minecraft:deepslate_redstone_ore":6,"minecraft:brown_mushroom":1,"minecraft:red_bed":16,"minecraft:smoker":2,"minecraft:clay":15,"minecraft:torch":106,"minecraft:blast_furnace":4,"minecraft:poppy":152,"minecraft:melon":35,"minecraft:chest":43,"minecraft:glass":2,"minecraft:cobblestone":40,"minecraft:oak_planks":269,"minecraft:sugar_cane":138,"minecraft:grindstone":13,"minecraft:wall_torch":54,"minecraft:cauldron":9,"minecraft:birch_sapling":1,"minecraft:pink_petals":1,"minecraft:powered_rail":1,"minecraft:birch_log":1362,"minecraft:wheat":858,"minecraft:birch_trapdoor":1,"minecraft:activator_rail":13,"minecraft:brown_wall_banner":1,"minecraft:stone_brick_stairs":1,"minecraft:oak_log":1802,"minecraft:oak_fence_gate":20,"minecraft:acacia_fence":24,"minecraft:birch_button":2,"minecraft:sand":191,"minecraft:dirt":3328,"minecraft:dispenser":3,"minecraft:netherrack":40,"minecraft:oak_leaves":561,"minecraft:deepslate":9,"minecraft:tuff":3,"minecraft:deepslate_diamond_ore":8,"minecraft:glow_lichen":1,"minecraft:ladder":3,"minecraft:redstone_wire":5,"minecraft:birch_slab":37,"minecraft:spruce_leaves":35,"minecraft:acacia_slab":1,"minecraft:moss_block":1,"minecraft:large_fern":3,"minecraft:oak_trapdoor":62,"minecraft:furnace":18,"minecraft:acacia_wood":10,"minecraft:acacia_stairs":8,"minecraft:andesite":2,"minecraft:peony":10,"minecraft:gold_block":2,"minecraft:bell":1,"minecraft:bookshelf":36,"minecraft:potatoes":127,"minecraft:cobblestone_slab":6,"minecraft:deepslate_iron_ore":21,"minecraft:rail":69,"minecraft:packed_ice":3,"minecraft:stone":1357,"minecraft:orange_glazed_terracotta":1,"minecraft:podzol":1,"minecraft:smithing_table":10,"minecraft:birch_stairs":213,"minecraft:oak_slab":62,"minecraft:flowering_azalea":1,"minecraft:glass_pane":67,"minecraft:infested_stone_bricks":2,"minecraft:lily_of_the_valley":7,"minecraft:snow_block":7,"minecraft:stone_brick_slab":10,"minecraft:dandelion":2,"minecraft:oak_fence":69,"minecraft:crafting_table":33,"minecraft:short_grass":1123,"minecraft:dropper":2,"minecraft:rose_bush":6,"minecraft:lectern":4,"minecraft:copper_ore":7,"minecraft:tall_grass":192,"minecraft:deepslate_gold_ore":9,"minecraft:diorite":22,"minecraft:birch_planks":183,"minecraft:redstone_torch":12,"minecraft:sweet_berry_bush":29,"minecraft:white_carpet":13,"minecraft:spruce_log":15,"minecraft:birch_leaves":107,"minecraft:bee_nest":4,"minecraft:coal_ore":720,"minecraft:acacia_door":4,"minecraft:flower_pot":2,"minecraft:gravel":87,"minecraft:cherry_leaves":4,"minecraft:sunflower":2,"minecraft:dripstone_block":5,"minecraft:cobweb":6,"minecraft:acacia_planks":7,"minecraft:stone_bricks":290,"minecraft:birch_fence":132,"minecraft:fern":1},"minecraft:picked_up":{"minecraft:iron_chestplate":1,"minecraft:wheat":759,"minecraft:chainmail_boots":3,"minecraft:anvil":2,"minecraft:flower_pot":2,"minecraft:smithing_table":10,"minecraft:lead":69,"minecraft:diamond_sword":3,"minecraft:oak_stairs":335,"minecraft:enchanted_book":1,"minecraft:birch_button":5,"minecraft:stone_brick_stairs":1,"minecraft:brewing_stand":5,"minecraft:golden_sword":1,"minecraft:amethyst_block":2,"minecraft:string":41,"minecraft:raw_copper":47,"minecraft:smooth_stone_slab":4,"minecraft:iron_leggings":1,"minecraft:orange_glazed_terracotta":1,"minecraft:pufferfish":8,"minecraft:oak_sign":5,"minecraft:activator_rail":15,"minecraft:diamond_leggings":1,"minecraft:smooth_stone":8,"minecraft:cobbled_deepslate":54,"minecraft:spruce_planks":5,"minecraft:red_dye":2,"minecraft:rose_bush":16,"minecraft:redstone_torch":12,"minecraft:cobblestone_slab":5,"minecraft:iron_pickaxe":1,"minecraft:melon_slice":171,"minecraft:iron_boots":1,"minecraft:furnace":19,"minecraft:stick":491,"minecraft:acacia_fence":23,"minecraft:composter":62,"minecraft:birch_trapdoor":1,"minecraft:oak_fence":88,"minecraft:torch":297,"minecraft:acacia_log":46,"minecraft:porkchop":64,"minecraft:cherry_log":10,"minecraft:pointed_dripstone":30,"minecraft:diorite":18,"minecraft:cauldron":11,"minecraft:orange_bed":22,"minecraft:rotten_flesh":92,"minecraft:armadillo_scute":3,"minecraft:obsidian":26,"minecraft:snowball":16,"minecraft:cod":20,"minecraft:cobblestone":1398,"minecraft:birch_log":1393,"minecraft:enchanting_table":1,"minecraft:pink_petals":8,"minecraft:magma_block":4,"minecraft:feather":31,"minecraft:cooked_beef":5,"minecraft:water_bucket":6,"minecraft:cherry_planks":10,"minecraft:birch_slab":114,"minecraft:andesite":2,"minecraft:potato":438,"minecraft:smoker":2,"minecraft:flint":13,"minecraft:tuff":3,"minecraft:lapis_lazuli":416,"minecraft:dirt":6090,"minecraft:lantern":1,"minecraft:name_tag":1,"minecraft:leather_boots":2,"minecraft:bone":43,"minecraft:acacia_planks":7,"minecraft:bow":3,"minecraft:wheat_seeds":2354,"minecraft:raw_gold":69,"minecraft:bell":1,"minecraft:grindstone":11,"minecraft:diamond_helmet":1,"minecraft:fletching_table":2,"minecraft:rabbit":4,"minecraft:powered_rail":1,"minecraft:moss_block":1,"minecraft:oak_planks":267,"minecraft:cooked_porkchop":17,"minecraft:poisonous_potato":3,"minecraft:dropper":2,"minecraft:birch_chest_boat":3,"minecraft:sand":217,"minecraft:melon":18,"minecraft:grass_block":1,"minecraft:lily_of_the_valley":10,"minecraft:acacia_stairs":7,"minecraft:barrel":57,"minecraft:iron_hoe":2,"minecraft:dispenser":3,"minecraft:diamond":61,"minecraft:crossbow":1,"minecraft:granite":38,"minecraft:bone_meal":100,"minecraft:emerald":297,"minecraft:bread":37,"minecraft:oak_sapling":412,"minecraft:netherrack":37,"minecraft:diamond_pickaxe":7,"minecraft:fishing_rod":2,"minecraft:crafting_table":34,"minecraft:bee_nest":4,"minecraft:splash_potion":4,"minecraft:azure_bluet":1,"minecraft:ominous_bottle":1,"minecraft:chicken":30,"minecraft:ladder":3,"minecraft:clay_ball":138,"minecraft:golden_pickaxe":1,"minecraft:brown_mushroom":1,"minecraft:gold_block":2,"minecraft:shield":1,"minecraft:oak_trapdoor":62,"minecraft:red_bed":16,"minecraft:iron_axe":1,"minecraft:acacia_door":6,"minecraft:item_frame":8,"minecraft:white_carpet":11,"minecraft:iron_shovel":6,"minecraft:birch_fence":132,"minecraft:beef":333,"minecraft:oak_boat":1,"minecraft:iron_nugget":7,"minecraft:poppy":152,"minecraft:light_gray_wool":4,"minecraft:lectern":4,"minecraft:minecart":39,"minecraft:sugar_cane":225,"minecraft:chest":44,"minecraft:birch_sapling":384,"minecraft:spruce_trapdoor":1,"minecraft:egg":17,"minecraft:raw_iron":114,"minecraft:stone":30,"minecraft:redstone":263,"minecraft:arrow":38,"minecraft:stone_shovel":7,"minecraft:diamond_chestplate":1,"minecraft:peony":18,"minecraft:diamond_boots":1,"minecraft:saddle":1,"minecraft:gold_ingot":36,"minecraft:glow_berries":6,"minecraft:mutton":62,"minecraft:white_wool":49,"minecraft:rail":344,"minecraft:oxeye_daisy":2,"minecraft:golden_carrot":11,"minecraft:salmon":27,"minecraft:leather":189,"minecraft:acacia_wood":9,"minecraft:birch_planks":337,"minecraft:oak_log":1867,"minecraft:white_banner":1,"minecraft:cooked_mutton":2,"minecraft:apple":127,"minecraft:stone_bricks":290,"minecraft:iron_ingot":85,"minecraft:oak_fence_gate":20,"minecraft:stone_pickaxe":1,"minecraft:cooked_chicken":12,"minecraft:flowering_azalea":1,"minecraft:book":108,"minecraft:oak_slab":138,"minecraft:birch_boat":86,"minecraft:pumpkin":4,"minecraft:sweet_berries":64,"minecraft:stone_brick_slab":14,"minecraft:dandelion":1,"minecraft:dripstone_block":5,"minecraft:gravel":82,"minecraft:birch_stairs":207,"minecraft:amethyst_shard":24,"minecraft:spruce_sapling":3,"minecraft:blast_furnace":4,"minecraft:white_bed":22,"minecraft:spruce_log":14,"minecraft:spider_eye":9,"minecraft:stone_axe":19,"minecraft:chainmail_leggings":3,"minecraft:iron_helmet":1,"minecraft:birch_sign":1,"minecraft:cherry_sapling":3,"minecraft:gray_wool":3,"minecraft:oak_button":1,"minecraft:brown_banner":1,"minecraft:melon_seeds":4,"minecraft:coal":1400,"minecraft:sunflower":7},"minecraft:killed_by":{"minecraft:creeper":1,"minecraft:witch":1,"minecraft:skeleton":2},"minecraft:broken":{"minecraft:iron_shovel":2,"minecraft:stone_pickaxe":9,"minecraft:stone_axe":33,"minecraft:iron_sword":1,"minecraft:wooden_axe":1,"minecraft:stone_shovel":42,"minecraft:stone_sword":1,"minecraft:wooden_pickaxe":3,"minecraft:iron_axe":2,"minecraft:iron_pickaxe":5},"minecraft:dropped":{"minecraft:acacia_wood":3,"minecraft:brown_mushroom":1,"minecraft:birch_planks":150,"minecraft:cooked_beef":1,"minecraft:oak_log":55,"minecraft:rail":3,"minecraft:birch_slab":72,"minecraft:flint":6,"minecraft:dirt":375,"minecraft:snowball":16,"minecraft:bone_meal":2,"minecraft:sunflower":2,"minecraft:sand":2,"minecraft:acacia_door":4,"minecraft:birch_chest_boat":1,"minecraft:birch_log":13,"minecraft:birch_stairs":1,"minecraft:gravel":3,"minecraft:stone_axe":17,"minecraft:sugar_cane":2,"minecraft:iron_nugget":7,"minecraft:wheat":11,"minecraft:birch_sapling":51,"minecraft:obsidian":1,"minecraft:pointed_dripstone":6,"minecraft:rotten_flesh":60,"minecraft:oak_planks":2,"minecraft:cooked_mutton":2,"minecraft:white_bed":5,"minecraft:poppy":568,"minecraft:oak_fence_gate":1,"minecraft:chainmail_boots":12,"minecraft:chest":1,"minecraft:birch_button":2,"minecraft:arrow":2,"minecraft:egg":5,"minecraft:bread":128,"minecraft:oak_slab":63,"minecraft:wheat_seeds":121,"minecraft:minecart":6,"minecraft:cobblestone":92,"minecraft:lead":1,"minecraft:apple":33,"minecraft:stick":57,"minecraft:diorite":1,"minecraft:torch":37,"minecraft:melon_slice":1,"minecraft:rose_bush":5,"minecraft:oak_stairs":51,"minecraft:armadillo_scute":3,"minecraft:flowering_azalea":1,"minecraft:iron_axe":1,"minecraft:orange_bed":1,"minecraft:iron_shovel":6,"minecraft:chainmail_leggings":3,"minecraft:string":2,"minecraft:acacia_planks":3,"minecraft:stone_brick_slab":4,"minecraft:redstone":4,"minecraft:raw_copper":18,"minecraft:stone_shovel":4,"minecraft:white_carpet":2,"minecraft:clay_ball":45,"minecraft:lily_of_the_valley":4,"minecraft:potato":96,"minecraft:cobblestone_slab":2,"minecraft:peony":6,"minecraft:iron_chestplate":1,"minecraft:oak_sapling":2,"minecraft:stone_bricks":2,"minecraft:birch_boat":1,"minecraft:bow":3,"minecraft:stone_pickaxe":1},"minecraft:killed":{"minecraft:cave_spider":2,"minecraft:witch":1,"minecraft:spider":12,"minecraft:cod":2,"minecraft:skeleton":9,"minecraft:chicken":26,"minecraft:silverfish":1,"minecraft:pig":29,"minecraft:salmon":18,"minecraft:iron_golem":2,"minecraft:creeper":1,"minecraft:sheep":36,"minecraft:trader_llama":9,"minecraft:pillager":3,"minecraft:zombie":24,"minecraft:cow":161,"minecraft:drowned":2,"minecraft:villager":1,"minecraft:enderman":1},"minecraft:used":{"minecraft:peony":7,"minecraft:iron_shovel":758,"minecraft:dispenser":4,"minecraft:ladder":13,"minecraft:poppy":409,"minecraft:oak_sign":14,"minecraft:shield":35,"minecraft:chest":74,"minecraft:iron_sword":260,"minecraft:bell":1,"minecraft:iron_chestplate":1,"minecraft:tuff":3,"minecraft:milk_bucket":1,"minecraft:glass":3,"minecraft:lava_bucket":3,"minecraft:lantern":10,"minecraft:birch_sapling":184,"minecraft:iron_helmet":1,"minecraft:stone_brick_stairs":3,"minecraft:stone_bricks":575,"minecraft:item_frame":17,"minecraft:birch_trapdoor":2,"minecraft:birch_button":7,"minecraft:magma_block":1,"minecraft:bow":21,"minecraft:oak_sapling":315,"minecraft:furnace":24,"minecraft:cooked_cod":9,"minecraft:acacia_fence":12,"minecraft:gray_bed":1,"minecraft:egg":11,"minecraft:potato":165,"minecraft:diorite":17,"minecraft:diamond_boots":1,"minecraft:dropper":3,"minecraft:stone_pickaxe":1314,"minecraft:powered_rail":10,"minecraft:oak_planks":685,"minecraft:wooden_pickaxe":177,"minecraft:sugar_cane":64,"minecraft:composter":63,"minecraft:sand":3,"minecraft:blast_furnace":5,"minecraft:dripstone_block":5,"minecraft:birch_fence":179,"minecraft:redstone_torch":18,"minecraft:birch_fence_gate":2,"minecraft:acacia_door":1,"minecraft:melon_slice":8,"minecraft:birch_slab":188,"minecraft:bread":85,"minecraft:lectern":4,"minecraft:gravel":1,"minecraft:diamond_sword":296,"minecraft:chainmail_boots":1,"minecraft:grindstone":8,"minecraft:smithing_table":10,"minecraft:birch_log":2,"minecraft:oak_boat":2,"minecraft:bone_meal":82,"minecraft:oak_fence":169,"minecraft:rose_bush":1,"minecraft:oak_trapdoor":94,"minecraft:enchanting_table":2,"minecraft:stone_sword":177,"minecraft:armor_stand":2,"minecraft:stone_shovel":5862,"minecraft:redstone":5,"minecraft:spruce_planks":25,"minecraft:cooked_salmon":14,"minecraft:cooked_chicken":23,"minecraft:netherrack":9,"minecraft:orange_bed":20,"minecraft:torch":695,"minecraft:brewing_stand":3,"minecraft:dirt":4685,"minecraft:anvil":3,"minecraft:wheat":1,"minecraft:hopper":1,"minecraft:bee_nest":4,"minecraft:granite":30,"minecraft:oak_fence_gate":28,"minecraft:iron_hoe":236,"minecraft:stone_brick_slab":26,"minecraft:wooden_axe":59,"minecraft:bookshelf":40,"minecraft:birch_chest_boat":4,"minecraft:iron_axe":502,"minecraft:oak_stairs":624,"minecraft:iron_boots":1,"minecraft:barrel":61,"minecraft:minecart":5,"minecraft:cooked_beef":67,"minecraft:cobbled_deepslate":11,"minecraft:iron_leggings":2,"minecraft:acacia_planks":31,"minecraft:wheat_seeds":2163,"minecraft:cooked_mutton":55,"minecraft:water_bucket":233,"minecraft:birch_planks":1180,"minecraft:glass_bottle":3,"minecraft:birch_boat":85,"minecraft:cauldron":15,"minecraft:fletching_table":4,"minecraft:stonecutter":1,"minecraft:cobblestone_slab":18,"minecraft:rail":97,"minecraft:crafting_table":43,"minecraft:birch_sign":7,"minecraft:oak_slab":148,"minecraft:red_bed":18,"minecraft:white_bed":19,"minecraft:campfire":2,"minecraft:smoker":7,"minecraft:oak_log":1087,"minecraft:flower_pot":3,"minecraft:acacia_stairs":2,"minecraft:activator_rail":15,"minecraft:diamond_pickaxe":145,"minecraft:apple":2,"minecraft:sunflower":1,"minecraft:iron_pickaxe":1300,"minecraft:oak_button":4,"minecraft:spruce_trapdoor":2,"minecraft:stone_axe":4464,"minecraft:pink_petals":4,"minecraft:cobblestone":280,"minecraft:fishing_rod":25,"minecraft:cooked_porkchop":74,"minecraft:bucket":248,"minecraft:glass_pane":255,"minecraft:birch_stairs":577}},"DataVersion":3955}