{"stats":{"minecraft:killed":{"minecraft:cave_spider":2,"minecraft:spider":4,"minecraft:cod":2,"minecraft:skeleton":4,"minecraft:chicken":15,"minecraft:pig":16,"minecraft:sheep":28,"minecraft:trader_llama":1,"minecraft:zombie":14,"minecraft:cow":17},"minecraft:dropped":{"minecraft:oak_slab":63,"minecraft:birch_planks":86,"minecraft:wheat_seeds":26,"minecraft:cooked_beef":1,"minecraft:oak_log":54,"minecraft:cobblestone":67,"minecraft:rail":3,"minecraft:birch_slab":72,"minecraft:stick":14,"minecraft:dirt":258,"minecraft:torch":9,"minecraft:oak_stairs":50,"minecraft:flowering_azalea":1,"minecraft:string":2,"minecraft:birch_stairs":1,"minecraft:redstone":4,"minecraft:gravel":3,"minecraft:stone_axe":9,"minecraft:birch_sapling":1,"minecraft:obsidian":1,"minecraft:stone_shovel":3,"minecraft:rotten_flesh":35,"minecraft:white_bed":2,"minecraft:peony":4,"minecraft:iron_chestplate":1,"minecraft:oak_sapling":1,"minecraft:birch_boat":1,"minecraft:egg":4},"minecraft:killed_by":{"minecraft:creeper":1,"minecraft:skeleton":2,"minecraft:witch":1},"minecraft:crafted":{"minecraft:brick":3,"minecraft:cherry_planks":12,"minecraft:smooth_stone":8,"minecraft:oak_planks":940,"minecraft:stone_shovel":23,"minecraft:smooth_stone_slab":6,"minecraft:fishing_rod":1,"minecraft:cooked_chicken":13,"minecraft:birch_slab":186,"minecraft:furnace":7,"minecraft:blast_furnace":1,"minecraft:stone":8,"minecraft:cooked_mutton":30,"minecraft:glass_pane":96,"minecraft:oak_trapdoor":24,"minecraft:glass":75,"minecraft:iron_boots":1,"minecraft:iron_axe":1,"minecraft:ladder":6,"minecraft:stone_pickaxe":8,"minecraft:chest":23,"minecraft:flower_pot":1,"minecraft:oak_fence":36,"minecraft:smoker":1,"minecraft:cooked_beef":22,"minecraft:red_dye":4,"minecraft:cooked_cod":2,"minecraft:oak_slab":264,"minecraft:cooked_porkchop":32,"minecraft:crafting_table":5,"minecraft:wooden_pickaxe":3,"minecraft:iron_helmet":1,"minecraft:iron_sword":1,"minecraft:red_bed":2,"minecraft:bucket":1,"minecraft:birch_planks":1119,"minecraft:stone_axe":21,"minecraft:air":0,"minecraft:iron_chestplate":3,"minecraft:shield":2,"minecraft:birch_fence":3,"minecraft:stick":232,"minecraft:iron_ingot":90,"minecraft:iron_pickaxe":2,"minecraft:oak_stairs":232,"minecraft:stone_sword":3,"minecraft:iron_shovel":1,"minecraft:gold_ingot":9,"minecraft:iron_leggings":2,"minecraft:armor_stand":2,"minecraft:white_bed":1,"minecraft:acacia_planks":16,"minecraft:torch":424,"minecraft:birch_stairs":176},"minecraft:broken":{"minecraft:stone_sword":1,"minecraft:wooden_pickaxe":3,"minecraft:stone_pickaxe":4,"minecraft:iron_axe":1,"minecraft:stone_axe":14,"minecraft:iron_pickaxe":1,"minecraft:stone_shovel":17},"minecraft:custom":{"minecraft:mob_kills":104,"minecraft:interact_with_crafting_table":157,"minecraft:leave_game":15,"minecraft:time_since_death":818411,"minecraft:climb_one_cm":13955,"minecraft:sprint_one_cm":1094760,"minecraft:walk_one_cm":1407012,"minecraft:damage_blocked_by_shield":1243,"minecraft:drop":77,"minecraft:talked_to_villager":1,"minecraft:play_time":884707,"minecraft:sneak_time":86226,"minecraft:deaths":4,"minecraft:walk_under_water_one_cm":22846,"minecraft:boat_one_cm":30051,"minecraft:jump":12389,"minecraft:interact_with_blast_furnace":8,"minecraft:walk_on_water_one_cm":63645,"minecraft:total_world_time":884707,"minecraft:interact_with_furnace":129,"minecraft:sleep_in_bed":60,"minecraft:time_since_rest":10761,"minecraft:damage_taken":7483,"minecraft:damage_dealt":11367,"minecraft:swim_one_cm":77024,"minecraft:fly_one_cm":2081875,"minecraft:open_chest":185,"minecraft:crouch_one_cm":136482,"minecraft:interact_with_smoker":24,"minecraft:fish_caught":14,"minecraft:fall_one_cm":271513},"minecraft:mined":{"minecraft:oak_sapling":1,"minecraft:tuff":3,"minecraft:white_bed":5,"minecraft:deepslate_diamond_ore":8,"minecraft:cherry_log":10,"minecraft:glow_lichen":1,"minecraft:granite":6,"minecraft:acacia_log":4,"minecraft:grass_block":937,"minecraft:birch_slab":37,"minecraft:moss_block":1,"minecraft:oak_trapdoor":56,"minecraft:furnace":7,"minecraft:iron_ore":73,"minecraft:andesite":2,"minecraft:pumpkin":1,"minecraft:deepslate_lapis_ore":9,"minecraft:peony":6,"minecraft:pointed_dripstone":4,"minecraft:deepslate_iron_ore":21,"minecraft:oak_stairs":240,"minecraft:stone":470,"minecraft:orange_bed":9,"minecraft:deepslate_redstone_ore":6,"minecraft:birch_stairs":158,"minecraft:oak_slab":32,"minecraft:flowering_azalea":1,"minecraft:glass_pane":27,"minecraft:red_bed":4,"minecraft:smoker":1,"minecraft:clay":15,"minecraft:oak_fence":31,"minecraft:crafting_table":18,"minecraft:torch":48,"minecraft:short_grass":384,"minecraft:blast_furnace":1,"minecraft:poppy":4,"minecraft:chest":22,"minecraft:rose_bush":5,"minecraft:tall_grass":64,"minecraft:cobblestone":9,"minecraft:deepslate_gold_ore":9,"minecraft:oak_planks":159,"minecraft:sugar_cane":3,"minecraft:wall_torch":25,"minecraft:pink_petals":1,"minecraft:birch_planks":69,"minecraft:birch_log":285,"minecraft:birch_leaves":21,"minecraft:oak_log":982,"minecraft:coal_ore":569,"minecraft:flower_pot":2,"minecraft:sunflower":2,"minecraft:gravel":14,"minecraft:cherry_leaves":4,"minecraft:sand":80,"minecraft:dripstone_block":5,"minecraft:dirt":1547,"minecraft:cobweb":6,"minecraft:oak_leaves":169,"minecraft:deepslate":9},"minecraft:picked_up":{"minecraft:fishing_rod":1,"minecraft:iron_chestplate":1,"minecraft:crafting_table":19,"minecraft:clay_ball":48,"minecraft:golden_pickaxe":1,"minecraft:chicken":17,"minecraft:lead":4,"minecraft:diamond_sword":3,"minecraft:oak_stairs":268,"minecraft:enchanted_book":1,"minecraft:golden_sword":1,"minecraft:amethyst_block":2,"minecraft:string":34,"minecraft:oak_trapdoor":56,"minecraft:red_bed":4,"minecraft:smooth_stone_slab":4,"minecraft:iron_leggings":1,"minecraft:pufferfish":4,"minecraft:diamond_leggings":1,"minecraft:smooth_stone":7,"minecraft:cobbled_deepslate":54,"minecraft:beef":31,"minecraft:rose_bush":5,"minecraft:iron_pickaxe":1,"minecraft:light_gray_wool":4,"minecraft:poppy":4,"minecraft:sugar_cane":12,"minecraft:chest":23,"minecraft:birch_sapling":27,"minecraft:iron_boots":1,"minecraft:furnace":7,"minecraft:egg":12,"minecraft:stick":144,"minecraft:raw_iron":100,"minecraft:oak_fence":34,"minecraft:torch":157,"minecraft:acacia_log":8,"minecraft:porkchop":32,"minecraft:cherry_log":10,"minecraft:pointed_dripstone":12,"minecraft:redstone":258,"minecraft:orange_bed":9,"minecraft:stone_shovel":5,"minecraft:arrow":24,"minecraft:rotten_flesh":83,"minecraft:diamond_chestplate":1,"minecraft:peony":10,"minecraft:diamond_boots":1,"minecraft:golden_carrot":11,"minecraft:glow_berries":6,"minecraft:saddle":1,"minecraft:gold_ingot":36,"minecraft:obsidian":2,"minecraft:mutton":46,"minecraft:cod":20,"minecraft:rail":275,"minecraft:white_wool":41,"minecraft:cobblestone":491,"minecraft:birch_log":299,"minecraft:pink_petals":8,"minecraft:feather":20,"minecraft:cooked_beef":3,"minecraft:cherry_planks":10,"minecraft:andesite":2,"minecraft:birch_slab":114,"minecraft:salmon":6,"minecraft:leather":46,"minecraft:smoker":1,"minecraft:birch_planks":128,"minecraft:tuff":3,"minecraft:oak_log":1058,"minecraft:lapis_lazuli":236,"minecraft:dirt":2825,"minecraft:name_tag":1,"minecraft:leather_boots":2,"minecraft:bone":29,"minecraft:apple":26,"minecraft:wheat_seeds":98,"minecraft:raw_gold":69,"minecraft:iron_ingot":77,"minecraft:cooked_chicken":12,"minecraft:diamond_helmet":1,"minecraft:moss_block":1,"minecraft:oak_planks":166,"minecraft:flowering_azalea":1,"minecraft:oak_slab":104,"minecraft:birch_boat":2,"minecraft:cooked_porkchop":17,"minecraft:pumpkin":2,"minecraft:dripstone_block":5,"minecraft:gravel":12,"minecraft:birch_stairs":153,"minecraft:sand":75,"minecraft:amethyst_shard":24,"minecraft:blast_furnace":1,"minecraft:white_bed":6,"minecraft:spider_eye":8,"minecraft:iron_hoe":1,"minecraft:diamond":61,"minecraft:stone_axe":12,"minecraft:iron_helmet":1,"minecraft:bone_meal":5,"minecraft:granite":7,"minecraft:cherry_sapling":3,"minecraft:gray_wool":1,"minecraft:emerald":1,"minecraft:bread":32,"minecraft:oak_sapling":160,"minecraft:flower_pot":2,"minecraft:melon_seeds":2,"minecraft:coal":1171,"minecraft:sunflower":3,"minecraft:diamond_pickaxe":6},"minecraft:used":{"minecraft:peony":4,"minecraft:oak_fence":58,"minecraft:oak_trapdoor":80,"minecraft:armor_stand":2,"minecraft:stone_sword":177,"minecraft:iron_shovel":68,"minecraft:stone_shovel":2380,"minecraft:ladder":6,"minecraft:chest":38,"minecraft:shield":26,"minecraft:iron_sword":91,"minecraft:cooked_chicken":1,"minecraft:iron_chestplate":1,"minecraft:orange_bed":8,"minecraft:torch":439,"minecraft:dirt":1831,"minecraft:tuff":3,"minecraft:granite":1,"minecraft:iron_axe":251,"minecraft:oak_stairs":381,"minecraft:birch_sapling":23,"minecraft:iron_helmet":1,"minecraft:iron_boots":1,"minecraft:oak_sapling":144,"minecraft:furnace":10,"minecraft:egg":7,"minecraft:cooked_beef":24,"minecraft:cooked_mutton":26,"minecraft:cobbled_deepslate":11,"minecraft:iron_leggings":2,"minecraft:water_bucket":46,"minecraft:birch_planks":530,"minecraft:stone_pickaxe":654,"minecraft:oak_planks":389,"minecraft:wooden_pickaxe":177,"minecraft:oak_slab":66,"minecraft:crafting_table":23,"minecraft:red_bed":6,"minecraft:blast_furnace":2,"minecraft:white_bed":3,"minecraft:dripstone_block":5,"minecraft:smoker":2,"minecraft:birch_fence":1,"minecraft:oak_log":664,"minecraft:flower_pot":3,"minecraft:sunflower":1,"minecraft:birch_slab":188,"minecraft:bread":32,"minecraft:iron_pickaxe":390,"minecraft:gravel":1,"minecraft:stone_axe":1887,"minecraft:pink_petals":4,"minecraft:fishing_rod":25,"minecraft:cobblestone":146,"minecraft:cooked_porkchop":45,"minecraft:bucket":47,"minecraft:glass_pane":92,"minecraft:birch_stairs":294}},"DataVersion":3955}