{"stats":{"minecraft:killed_by":{"minecraft:creeper":1,"minecraft:witch":1,"minecraft:skeleton":2},"minecraft:dropped":{"minecraft:birch_planks":86,"minecraft:cooked_beef":1,"minecraft:oak_log":55,"minecraft:rail":3,"minecraft:birch_slab":72,"minecraft:dirt":260,"minecraft:acacia_door":2,"minecraft:birch_stairs":1,"minecraft:gravel":3,"minecraft:stone_axe":9,"minecraft:wheat":11,"minecraft:birch_sapling":1,"minecraft:obsidian":1,"minecraft:rotten_flesh":56,"minecraft:cooked_mutton":2,"minecraft:white_bed":2,"minecraft:poppy":568,"minecraft:egg":5,"minecraft:bread":59,"minecraft:oak_slab":63,"minecraft:wheat_seeds":98,"minecraft:cobblestone":67,"minecraft:apple":33,"minecraft:stick":14,"minecraft:diorite":1,"minecraft:torch":27,"minecraft:oak_stairs":51,"minecraft:armadillo_scute":2,"minecraft:flowering_azalea":1,"minecraft:orange_bed":1,"minecraft:string":2,"minecraft:redstone":4,"minecraft:stone_shovel":4,"minecraft:lily_of_the_valley":4,"minecraft:peony":4,"minecraft:iron_chestplate":1,"minecraft:oak_sapling":2,"minecraft:birch_boat":1,"minecraft:stone_pickaxe":1},"minecraft:broken":{"minecraft:iron_shovel":2,"minecraft:stone_pickaxe":8,"minecraft:stone_axe":24,"minecraft:iron_sword":1,"minecraft:stone_shovel":37,"minecraft:stone_sword":1,"minecraft:wooden_pickaxe":3,"minecraft:iron_axe":1,"minecraft:iron_pickaxe":2},"minecraft:used":{"minecraft:peony":5,"minecraft:iron_shovel":527,"minecraft:poppy":2,"minecraft:ladder":11,"minecraft:oak_sign":14,"minecraft:chest":62,"minecraft:shield":28,"minecraft:iron_sword":260,"minecraft:bell":1,"minecraft:iron_chestplate":1,"minecraft:tuff":3,"minecraft:lava_bucket":3,"minecraft:lantern":10,"minecraft:birch_sapling":36,"minecraft:iron_helmet":1,"minecraft:stone_bricks":290,"minecraft:birch_button":3,"minecraft:bow":21,"minecraft:oak_sapling":265,"minecraft:furnace":17,"minecraft:cooked_cod":9,"minecraft:gray_bed":1,"minecraft:acacia_fence":12,"minecraft:egg":9,"minecraft:diorite":17,"minecraft:stone_pickaxe":1215,"minecraft:oak_planks":583,"minecraft:wooden_pickaxe":177,"minecraft:composter":13,"minecraft:sugar_cane":63,"minecraft:sand":1,"minecraft:blast_furnace":4,"minecraft:dripstone_block":5,"minecraft:birch_fence":51,"minecraft:birch_slab":188,"minecraft:melon_slice":2,"minecraft:bread":37,"minecraft:lectern":1,"minecraft:gravel":1,"minecraft:diamond_sword":42,"minecraft:grindstone":2,"minecraft:smithing_table":7,"minecraft:birch_log":1,"minecraft:oak_boat":2,"minecraft:bone_meal":33,"minecraft:oak_fence":158,"minecraft:oak_trapdoor":94,"minecraft:stone_sword":177,"minecraft:armor_stand":2,"minecraft:stone_shovel":5138,"minecraft:cooked_chicken":23,"minecraft:orange_bed":20,"minecraft:torch":634,"minecraft:dirt":4074,"minecraft:hopper":1,"minecraft:granite":30,"minecraft:oak_fence_gate":25,"minecraft:iron_hoe":148,"minecraft:iron_axe":251,"minecraft:oak_stairs":624,"minecraft:iron_boots":1,"minecraft:barrel":17,"minecraft:cooked_beef":26,"minecraft:acacia_planks":29,"minecraft:cobbled_deepslate":11,"minecraft:iron_leggings":2,"minecraft:wheat_seeds":1040,"minecraft:cooked_mutton":55,"minecraft:water_bucket":89,"minecraft:birch_planks":735,"minecraft:birch_boat":27,"minecraft:cobblestone_slab":18,"minecraft:oak_slab":148,"minecraft:crafting_table":37,"minecraft:red_bed":7,"minecraft:white_bed":3,"minecraft:smoker":7,"minecraft:oak_log":1083,"minecraft:acacia_stairs":2,"minecraft:diamond_pickaxe":128,"minecraft:apple":1,"minecraft:flower_pot":3,"minecraft:sunflower":1,"minecraft:iron_pickaxe":503,"minecraft:oak_button":4,"minecraft:stone_axe":3290,"minecraft:pink_petals":4,"minecraft:fishing_rod":25,"minecraft:cobblestone":278,"minecraft:cooked_porkchop":74,"minecraft:bucket":92,"minecraft:glass_pane":255,"minecraft:birch_stairs":577},"minecraft:custom":{"minecraft:animals_bred":5,"minecraft:interact_with_crafting_table":274,"minecraft:open_barrel":4,"minecraft:bell_ring":51,"minecraft:leave_game":25,"minecraft:time_since_death":1886913,"minecraft:sprint_one_cm":2435506,"minecraft:damage_blocked_by_shield":1363,"minecraft:drop":191,"minecraft:talked_to_villager":18,"minecraft:play_time":1953209,"minecraft:deaths":4,"minecraft:jump":24864,"minecraft:walk_on_water_one_cm":235163,"minecraft:interact_with_furnace":181,"minecraft:sleep_in_bed":115,"minecraft:damage_dealt":20683,"minecraft:crouch_one_cm":230348,"minecraft:interact_with_smoker":64,"minecraft:interact_with_smithing_table":5,"minecraft:mob_kills":179,"minecraft:climb_one_cm":50380,"minecraft:walk_one_cm":2947435,"minecraft:sneak_time":137236,"minecraft:walk_under_water_one_cm":46064,"minecraft:boat_one_cm":404067,"minecraft:interact_with_blast_furnace":13,"minecraft:total_world_time":1953209,"minecraft:pot_flower":1,"minecraft:interact_with_grindstone":2,"minecraft:time_since_rest":2017,"minecraft:damage_taken":9922,"minecraft:swim_one_cm":307892,"minecraft:fly_one_cm":4762222,"minecraft:open_chest":494,"minecraft:fish_caught":14,"minecraft:fall_one_cm":488432},"minecraft:mined":{"minecraft:farmland":3,"minecraft:white_bed":5,"minecraft:oak_sapling":2,"minecraft:cherry_log":10,"minecraft:obsidian":14,"minecraft:granite":36,"minecraft:acacia_log":8,"minecraft:grass_block":2091,"minecraft:composter":12,"minecraft:oak_wall_sign":1,"minecraft:oxeye_daisy":1,"minecraft:smooth_stone":1,"minecraft:iron_ore":87,"minecraft:barrel":14,"minecraft:pumpkin":1,"minecraft:deepslate_lapis_ore":9,"minecraft:azure_bluet":1,"minecraft:pointed_dripstone":4,"minecraft:water_cauldron":2,"minecraft:dirt_path":13,"minecraft:oak_stairs":314,"minecraft:orange_bed":21,"minecraft:deepslate_redstone_ore":6,"minecraft:red_bed":5,"minecraft:smoker":2,"minecraft:clay":15,"minecraft:torch":89,"minecraft:blast_furnace":3,"minecraft:poppy":5,"minecraft:melon":35,"minecraft:chest":37,"minecraft:cobblestone":37,"minecraft:grindstone":2,"minecraft:sugar_cane":138,"minecraft:oak_planks":249,"minecraft:wall_torch":49,"minecraft:pink_petals":1,"minecraft:birch_log":463,"minecraft:wheat":466,"minecraft:brown_wall_banner":1,"minecraft:oak_log":1657,"minecraft:oak_fence_gate":2,"minecraft:acacia_fence":24,"minecraft:sand":187,"minecraft:dirt":2932,"minecraft:oak_leaves":286,"minecraft:deepslate":9,"minecraft:tuff":3,"minecraft:deepslate_diamond_ore":8,"minecraft:glow_lichen":1,"minecraft:ladder":2,"minecraft:birch_slab":37,"minecraft:acacia_slab":1,"minecraft:moss_block":1,"minecraft:oak_trapdoor":62,"minecraft:furnace":16,"minecraft:acacia_wood":9,"minecraft:acacia_stairs":6,"minecraft:andesite":2,"minecraft:peony":8,"minecraft:bell":1,"minecraft:bookshelf":8,"minecraft:deepslate_iron_ore":21,"minecraft:cobblestone_slab":6,"minecraft:stone":810,"minecraft:orange_glazed_terracotta":1,"minecraft:smithing_table":7,"minecraft:oak_slab":62,"minecraft:birch_stairs":213,"minecraft:flowering_azalea":1,"minecraft:glass_pane":58,"minecraft:lily_of_the_valley":7,"minecraft:dandelion":1,"minecraft:oak_fence":69,"minecraft:crafting_table":29,"minecraft:short_grass":815,"minecraft:rose_bush":5,"minecraft:lectern":1,"minecraft:tall_grass":133,"minecraft:copper_ore":3,"minecraft:deepslate_gold_ore":9,"minecraft:diorite":22,"minecraft:birch_planks":101,"minecraft:birch_leaves":41,"minecraft:coal_ore":647,"minecraft:dripstone_block":5,"minecraft:cherry_leaves":4,"minecraft:flower_pot":2,"minecraft:sunflower":2,"minecraft:gravel":39,"minecraft:acacia_door":4,"minecraft:cobweb":6,"minecraft:acacia_planks":7,"minecraft:stone_bricks":234,"minecraft:birch_fence":22},"minecraft:picked_up":{"minecraft:iron_chestplate":1,"minecraft:wheat":428,"minecraft:flower_pot":2,"minecraft:smithing_table":7,"minecraft:lead":5,"minecraft:diamond_sword":3,"minecraft:oak_stairs":335,"minecraft:enchanted_book":1,"minecraft:golden_sword":1,"minecraft:amethyst_block":2,"minecraft:string":41,"minecraft:raw_copper":20,"minecraft:smooth_stone_slab":4,"minecraft:iron_leggings":1,"minecraft:orange_glazed_terracotta":1,"minecraft:pufferfish":6,"minecraft:oak_sign":5,"minecraft:diamond_leggings":1,"minecraft:cobbled_deepslate":54,"minecraft:smooth_stone":8,"minecraft:rose_bush":5,"minecraft:cobblestone_slab":5,"minecraft:iron_pickaxe":1,"minecraft:melon_slice":170,"minecraft:iron_boots":1,"minecraft:furnace":16,"minecraft:stick":250,"minecraft:acacia_fence":23,"minecraft:composter":12,"minecraft:oak_fence":88,"minecraft:torch":260,"minecraft:acacia_log":12,"minecraft:porkchop":64,"minecraft:cherry_log":10,"minecraft:pointed_dripstone":18,"minecraft:diorite":18,"minecraft:cauldron":2,"minecraft:orange_bed":22,"minecraft:rotten_flesh":86,"minecraft:armadillo_scute":1,"minecraft:obsidian":16,"minecraft:cod":20,"minecraft:cobblestone":855,"minecraft:birch_log":476,"minecraft:pink_petals":8,"minecraft:feather":30,"minecraft:cooked_beef":5,"minecraft:cherry_planks":10,"minecraft:birch_slab":114,"minecraft:andesite":2,"minecraft:smoker":2,"minecraft:flint":5,"minecraft:tuff":3,"minecraft:lantern":1,"minecraft:lapis_lazuli":236,"minecraft:dirt":5091,"minecraft:name_tag":1,"minecraft:leather_boots":2,"minecraft:bone":35,"minecraft:acacia_planks":7,"minecraft:bow":1,"minecraft:wheat_seeds":1387,"minecraft:raw_gold":69,"minecraft:bell":1,"minecraft:grindstone":2,"minecraft:diamond_helmet":1,"minecraft:moss_block":1,"minecraft:oak_planks":250,"minecraft:cooked_porkchop":17,"minecraft:sand":213,"minecraft:grass_block":1,"minecraft:lily_of_the_valley":10,"minecraft:acacia_stairs":5,"minecraft:barrel":13,"minecraft:iron_hoe":2,"minecraft:diamond":61,"minecraft:crossbow":1,"minecraft:granite":36,"minecraft:bone_meal":33,"minecraft:emerald":1,"minecraft:bread":33,"minecraft:oak_sapling":360,"minecraft:diamond_pickaxe":7,"minecraft:fishing_rod":1,"minecraft:crafting_table":30,"minecraft:azure_bluet":1,"minecraft:ominous_bottle":1,"minecraft:chicken":28,"minecraft:ladder":2,"minecraft:clay_ball":48,"minecraft:golden_pickaxe":1,"minecraft:red_bed":5,"minecraft:oak_trapdoor":62,"minecraft:acacia_door":6,"minecraft:birch_fence":22,"minecraft:beef":51,"minecraft:oak_boat":1,"minecraft:poppy":7,"minecraft:light_gray_wool":4,"minecraft:lectern":1,"minecraft:sugar_cane":223,"minecraft:chest":37,"minecraft:birch_sapling":80,"minecraft:egg":15,"minecraft:raw_iron":114,"minecraft:redstone":258,"minecraft:stone_shovel":7,"minecraft:arrow":31,"minecraft:diamond_chestplate":1,"minecraft:peony":12,"minecraft:diamond_boots":1,"minecraft:saddle":1,"minecraft:gold_ingot":36,"minecraft:glow_berries":6,"minecraft:mutton":59,"minecraft:rail":275,"minecraft:white_wool":47,"minecraft:oxeye_daisy":2,"minecraft:golden_carrot":11,"minecraft:salmon":13,"minecraft:leather":59,"minecraft:acacia_wood":8,"minecraft:birch_planks":158,"minecraft:oak_log":1723,"minecraft:white_banner":1,"minecraft:cooked_mutton":2,"minecraft:apple":115,"minecraft:stone_bricks":232,"minecraft:oak_fence_gate":2,"minecraft:iron_ingot":85,"minecraft:stone_pickaxe":1,"minecraft:cooked_chicken":12,"minecraft:flowering_azalea":1,"minecraft:book":24,"minecraft:oak_slab":138,"minecraft:birch_boat":28,"minecraft:pumpkin":3,"minecraft:dandelion":1,"minecraft:dripstone_block":5,"minecraft:gravel":36,"minecraft:birch_stairs":207,"minecraft:amethyst_shard":24,"minecraft:blast_furnace":3,"minecraft:white_bed":6,"minecraft:spider_eye":9,"minecraft:stone_axe":12,"minecraft:iron_helmet":1,"minecraft:cherry_sapling":3,"minecraft:gray_wool":3,"minecraft:oak_button":1,"minecraft:brown_banner":1,"minecraft:melon_seeds":4,"minecraft:coal":1327,"minecraft:sunflower":3},"minecraft:crafted":{"minecraft:brick":3,"minecraft:smooth_stone":8,"minecraft:oak_planks":1732,"minecraft:barrel":5,"minecraft:cobblestone_slab":12,"minecraft:oak_sign":9,"minecraft:melon":18,"minecraft:birch_boat":1,"minecraft:cooked_chicken":24,"minecraft:birch_slab":186,"minecraft:stone":145,"minecraft:bookshelf":7,"minecraft:cooked_mutton":59,"minecraft:glass":107,"minecraft:hopper":1,"minecraft:bow":1,"minecraft:iron_boots":1,"minecraft:chest":25,"minecraft:oak_button":3,"minecraft:birch_button":3,"minecraft:stone_bricks":120,"minecraft:oak_fence":111,"minecraft:gray_bed":1,"minecraft:flower_pot":1,"minecraft:smoker":5,"minecraft:oak_slab":264,"minecraft:cooked_porkchop":59,"minecraft:crafting_table":8,"minecraft:acacia_slab":18,"minecraft:wooden_pickaxe":3,"minecraft:iron_helmet":1,"minecraft:birch_planks":1823,"minecraft:iron_chestplate":3,"minecraft:shield":2,"minecraft:birch_fence":78,"minecraft:stick":396,"minecraft:iron_ingot":146,"minecraft:iron_pickaxe":2,"minecraft:iron_block":3,"minecraft:stone_sword":3,"minecraft:gold_ingot":9,"minecraft:composter":1,"minecraft:birch_stairs":412,"minecraft:cherry_planks":12,"minecraft:stone_shovel":50,"minecraft:fishing_rod":1,"minecraft:smooth_stone_slab":6,"minecraft:iron_nugget":207,"minecraft:furnace":9,"minecraft:blast_furnace":1,"minecraft:glass_pane":272,"minecraft:oak_trapdoor":32,"minecraft:lantern":9,"minecraft:iron_axe":1,"minecraft:ladder":9,"minecraft:stone_pickaxe":13,"minecraft:cooked_beef":22,"minecraft:red_dye":4,"minecraft:cooked_cod":11,"minecraft:iron_sword":1,"minecraft:red_bed":2,"minecraft:bucket":1,"minecraft:stone_axe":31,"minecraft:bread":78,"minecraft:air":0,"minecraft:oak_boat":1,"minecraft:oak_fence_gate":23,"minecraft:white_dye":1,"minecraft:oak_stairs":436,"minecraft:iron_shovel":2,"minecraft:iron_leggings":2,"minecraft:armor_stand":2,"minecraft:white_bed":1,"minecraft:acacia_planks":52,"minecraft:torch":504},"minecraft:killed":{"minecraft:cave_spider":2,"minecraft:witch":1,"minecraft:spider":11,"minecraft:cod":2,"minecraft:skeleton":9,"minecraft:chicken":24,"minecraft:pig":29,"minecraft:salmon":4,"minecraft:iron_golem":2,"minecraft:creeper":1,"minecraft:sheep":34,"minecraft:trader_llama":3,"minecraft:pillager":3,"minecraft:zombie":20,"minecraft:cow":26,"minecraft:drowned":1,"minecraft:enderman":1}},"DataVersion":3955}