{"stats":{"minecraft:killed_by":{"minecraft:creeper":1,"minecraft:witch":1,"minecraft:skeleton":2},"minecraft:dropped":{"minecraft:birch_planks":86,"minecraft:cooked_beef":1,"minecraft:oak_log":55,"minecraft:rail":3,"minecraft:birch_slab":72,"minecraft:dirt":259,"minecraft:birch_stairs":1,"minecraft:gravel":3,"minecraft:stone_axe":9,"minecraft:birch_sapling":1,"minecraft:obsidian":1,"minecraft:rotten_flesh":35,"minecraft:cooked_mutton":2,"minecraft:white_bed":2,"minecraft:egg":4,"minecraft:oak_slab":63,"minecraft:wheat_seeds":30,"minecraft:cobblestone":67,"minecraft:apple":33,"minecraft:stick":14,"minecraft:torch":9,"minecraft:oak_stairs":51,"minecraft:flowering_azalea":1,"minecraft:string":2,"minecraft:redstone":4,"minecraft:stone_shovel":3,"minecraft:peony":4,"minecraft:iron_chestplate":1,"minecraft:oak_sapling":1,"minecraft:birch_boat":1},"minecraft:broken":{"minecraft:stone_pickaxe":4,"minecraft:stone_axe":22,"minecraft:stone_shovel":23,"minecraft:stone_sword":1,"minecraft:wooden_pickaxe":3,"minecraft:iron_axe":1,"minecraft:iron_pickaxe":2},"minecraft:used":{"minecraft:peony":5,"minecraft:iron_shovel":68,"minecraft:ladder":6,"minecraft:chest":56,"minecraft:shield":26,"minecraft:iron_sword":191,"minecraft:iron_chestplate":1,"minecraft:tuff":3,"minecraft:lantern":9,"minecraft:birch_sapling":36,"minecraft:iron_helmet":1,"minecraft:bow":6,"minecraft:furnace":14,"minecraft:oak_sapling":197,"minecraft:cooked_cod":9,"minecraft:egg":9,"minecraft:stone_pickaxe":751,"minecraft:oak_planks":559,"minecraft:wooden_pickaxe":177,"minecraft:blast_furnace":2,"minecraft:dripstone_block":5,"minecraft:birch_fence":13,"minecraft:birch_slab":188,"minecraft:bread":32,"minecraft:gravel":1,"minecraft:oak_trapdoor":94,"minecraft:oak_fence":146,"minecraft:stone_sword":177,"minecraft:armor_stand":2,"minecraft:stone_shovel":3184,"minecraft:cooked_chicken":12,"minecraft:orange_bed":8,"minecraft:torch":515,"minecraft:dirt":2988,"minecraft:granite":1,"minecraft:oak_fence_gate":25,"minecraft:iron_hoe":110,"minecraft:iron_axe":251,"minecraft:oak_stairs":620,"minecraft:iron_boots":1,"minecraft:cooked_beef":24,"minecraft:cobbled_deepslate":11,"minecraft:iron_leggings":2,"minecraft:wheat_seeds":91,"minecraft:cooked_mutton":40,"minecraft:water_bucket":56,"minecraft:birch_planks":713,"minecraft:oak_slab":145,"minecraft:crafting_table":27,"minecraft:red_bed":6,"minecraft:white_bed":3,"minecraft:smoker":7,"minecraft:oak_log":1083,"minecraft:flower_pot":3,"minecraft:diamond_pickaxe":14,"minecraft:sunflower":1,"minecraft:iron_pickaxe":503,"minecraft:stone_axe":2989,"minecraft:pink_petals":4,"minecraft:fishing_rod":25,"minecraft:cobblestone":255,"minecraft:cooked_porkchop":55,"minecraft:bucket":56,"minecraft:glass_pane":255,"minecraft:birch_stairs":563},"minecraft:custom":{"minecraft:interact_with_crafting_table":212,"minecraft:leave_game":21,"minecraft:time_since_death":1169328,"minecraft:sprint_one_cm":1695467,"minecraft:damage_blocked_by_shield":1243,"minecraft:drop":87,"minecraft:talked_to_villager":7,"minecraft:play_time":1235624,"minecraft:deaths":4,"minecraft:jump":17214,"minecraft:walk_on_water_one_cm":99772,"minecraft:interact_with_furnace":138,"minecraft:sleep_in_bed":86,"minecraft:damage_dealt":15505,"minecraft:crouch_one_cm":213228,"minecraft:interact_with_smoker":40,"minecraft:interact_with_smithing_table":1,"minecraft:mob_kills":146,"minecraft:climb_one_cm":30217,"minecraft:walk_one_cm":2094778,"minecraft:sneak_time":128326,"minecraft:walk_under_water_one_cm":30884,"minecraft:boat_one_cm":30051,"minecraft:interact_with_blast_furnace":11,"minecraft:total_world_time":1235624,"minecraft:time_since_rest":7570,"minecraft:damage_taken":8747,"minecraft:swim_one_cm":129502,"minecraft:fly_one_cm":3067997,"minecraft:open_chest":297,"minecraft:fish_caught":14,"minecraft:fall_one_cm":347137},"minecraft:mined":{"minecraft:white_bed":5,"minecraft:oak_sapling":1,"minecraft:farmland":3,"minecraft:cherry_log":10,"minecraft:obsidian":14,"minecraft:granite":6,"minecraft:acacia_log":4,"minecraft:grass_block":1191,"minecraft:iron_ore":73,"minecraft:pumpkin":1,"minecraft:deepslate_lapis_ore":9,"minecraft:pointed_dripstone":4,"minecraft:oak_stairs":310,"minecraft:orange_bed":9,"minecraft:deepslate_redstone_ore":6,"minecraft:red_bed":5,"minecraft:smoker":2,"minecraft:clay":15,"minecraft:torch":69,"minecraft:blast_furnace":2,"minecraft:poppy":4,"minecraft:chest":32,"minecraft:cobblestone":20,"minecraft:sugar_cane":3,"minecraft:oak_planks":240,"minecraft:wall_torch":36,"minecraft:pink_petals":1,"minecraft:birch_log":442,"minecraft:wheat":56,"minecraft:oak_log":1571,"minecraft:oak_fence_gate":2,"minecraft:sand":157,"minecraft:dirt":2089,"minecraft:oak_leaves":254,"minecraft:deepslate":9,"minecraft:tuff":3,"minecraft:deepslate_diamond_ore":8,"minecraft:glow_lichen":1,"minecraft:birch_slab":37,"minecraft:moss_block":1,"minecraft:oak_trapdoor":62,"minecraft:furnace":14,"minecraft:andesite":2,"minecraft:peony":7,"minecraft:deepslate_iron_ore":21,"minecraft:stone":590,"minecraft:oak_slab":61,"minecraft:birch_stairs":211,"minecraft:flowering_azalea":1,"minecraft:glass_pane":58,"minecraft:lily_of_the_valley":7,"minecraft:oak_fence":67,"minecraft:crafting_table":21,"minecraft:short_grass":573,"minecraft:rose_bush":5,"minecraft:tall_grass":85,"minecraft:copper_ore":3,"minecraft:deepslate_gold_ore":9,"minecraft:birch_planks":99,"minecraft:birch_leaves":39,"minecraft:coal_ore":633,"minecraft:flower_pot":2,"minecraft:cherry_leaves":4,"minecraft:sunflower":2,"minecraft:gravel":14,"minecraft:dripstone_block":5,"minecraft:cobweb":6,"minecraft:birch_fence":9},"minecraft:picked_up":{"minecraft:iron_chestplate":1,"minecraft:wheat":46,"minecraft:flower_pot":2,"minecraft:lead":5,"minecraft:diamond_sword":3,"minecraft:oak_stairs":331,"minecraft:enchanted_book":1,"minecraft:golden_sword":1,"minecraft:amethyst_block":2,"minecraft:string":36,"minecraft:raw_copper":18,"minecraft:smooth_stone_slab":4,"minecraft:iron_leggings":1,"minecraft:pufferfish":6,"minecraft:diamond_leggings":1,"minecraft:cobbled_deepslate":54,"minecraft:smooth_stone":7,"minecraft:rose_bush":5,"minecraft:iron_pickaxe":1,"minecraft:iron_boots":1,"minecraft:furnace":14,"minecraft:stick":238,"minecraft:oak_fence":84,"minecraft:torch":196,"minecraft:acacia_log":8,"minecraft:porkchop":55,"minecraft:cherry_log":10,"minecraft:pointed_dripstone":18,"minecraft:orange_bed":9,"minecraft:rotten_flesh":85,"minecraft:obsidian":16,"minecraft:cod":20,"minecraft:cobblestone":622,"minecraft:birch_log":456,"minecraft:pink_petals":8,"minecraft:feather":27,"minecraft:cooked_beef":3,"minecraft:cherry_planks":10,"minecraft:birch_slab":114,"minecraft:andesite":2,"minecraft:smoker":2,"minecraft:tuff":3,"minecraft:lapis_lazuli":236,"minecraft:dirt":3570,"minecraft:lantern":1,"minecraft:name_tag":1,"minecraft:leather_boots":2,"minecraft:bone":31,"minecraft:wheat_seeds":257,"minecraft:raw_gold":69,"minecraft:diamond_helmet":1,"minecraft:moss_block":1,"minecraft:oak_planks":241,"minecraft:cooked_porkchop":17,"minecraft:sand":184,"minecraft:lily_of_the_valley":6,"minecraft:iron_hoe":2,"minecraft:diamond":61,"minecraft:crossbow":1,"minecraft:granite":7,"minecraft:bone_meal":5,"minecraft:bread":32,"minecraft:emerald":1,"minecraft:oak_sapling":277,"minecraft:diamond_pickaxe":7,"minecraft:fishing_rod":1,"minecraft:crafting_table":22,"minecraft:ominous_bottle":1,"minecraft:chicken":25,"minecraft:clay_ball":48,"minecraft:golden_pickaxe":1,"minecraft:red_bed":5,"minecraft:oak_trapdoor":62,"minecraft:birch_fence":9,"minecraft:beef":46,"minecraft:poppy":4,"minecraft:light_gray_wool":4,"minecraft:sugar_cane":18,"minecraft:chest":33,"minecraft:birch_sapling":80,"minecraft:egg":14,"minecraft:raw_iron":100,"minecraft:redstone":258,"minecraft:diamond_chestplate":1,"minecraft:arrow":27,"minecraft:stone_shovel":5,"minecraft:peony":11,"minecraft:diamond_boots":1,"minecraft:saddle":1,"minecraft:gold_ingot":36,"minecraft:glow_berries":6,"minecraft:mutton":56,"minecraft:white_wool":46,"minecraft:rail":275,"minecraft:golden_carrot":11,"minecraft:salmon":11,"minecraft:leather":55,"minecraft:birch_planks":156,"minecraft:oak_log":1639,"minecraft:white_banner":1,"minecraft:cooked_mutton":2,"minecraft:apple":77,"minecraft:oak_fence_gate":2,"minecraft:iron_ingot":77,"minecraft:cooked_chicken":12,"minecraft:flowering_azalea":1,"minecraft:oak_slab":137,"minecraft:birch_boat":2,"minecraft:pumpkin":3,"minecraft:dripstone_block":5,"minecraft:gravel":12,"minecraft:birch_stairs":205,"minecraft:amethyst_shard":24,"minecraft:blast_furnace":2,"minecraft:white_bed":6,"minecraft:spider_eye":8,"minecraft:stone_axe":12,"minecraft:iron_helmet":1,"minecraft:cherry_sapling":3,"minecraft:gray_wool":1,"minecraft:melon_seeds":4,"minecraft:coal":1276,"minecraft:sunflower":3},"minecraft:crafted":{"minecraft:brick":3,"minecraft:oak_planks":1668,"minecraft:smooth_stone":8,"minecraft:cooked_chicken":13,"minecraft:birch_slab":186,"minecraft:stone":8,"minecraft:cooked_mutton":44,"minecraft:glass":107,"minecraft:bow":1,"minecraft:iron_boots":1,"minecraft:chest":23,"minecraft:oak_fence":111,"minecraft:flower_pot":1,"minecraft:smoker":5,"minecraft:oak_slab":264,"minecraft:cooked_porkchop":39,"minecraft:crafting_table":6,"minecraft:wooden_pickaxe":3,"minecraft:iron_helmet":1,"minecraft:birch_planks":1747,"minecraft:iron_chestplate":3,"minecraft:shield":2,"minecraft:birch_fence":21,"minecraft:stick":340,"minecraft:iron_ingot":105,"minecraft:iron_pickaxe":2,"minecraft:stone_sword":3,"minecraft:gold_ingot":9,"minecraft:birch_stairs":376,"minecraft:cherry_planks":12,"minecraft:stone_shovel":26,"minecraft:fishing_rod":1,"minecraft:smooth_stone_slab":6,"minecraft:iron_nugget":207,"minecraft:furnace":7,"minecraft:blast_furnace":1,"minecraft:oak_trapdoor":32,"minecraft:glass_pane":272,"minecraft:lantern":9,"minecraft:iron_axe":1,"minecraft:ladder":6,"minecraft:stone_pickaxe":10,"minecraft:cooked_beef":22,"minecraft:red_dye":4,"minecraft:cooked_cod":11,"minecraft:iron_sword":1,"minecraft:red_bed":2,"minecraft:bucket":1,"minecraft:stone_axe":30,"minecraft:air":0,"minecraft:oak_fence_gate":23,"minecraft:oak_stairs":436,"minecraft:iron_shovel":1,"minecraft:iron_leggings":2,"minecraft:armor_stand":2,"minecraft:white_bed":1,"minecraft:acacia_planks":16,"minecraft:torch":424},"minecraft:killed":{"minecraft:cave_spider":2,"minecraft:spider":5,"minecraft:cod":2,"minecraft:skeleton":4,"minecraft:chicken":21,"minecraft:pig":27,"minecraft:salmon":4,"minecraft:sheep":33,"minecraft:trader_llama":3,"minecraft:pillager":3,"minecraft:zombie":16,"minecraft:cow":24}},"DataVersion":3955}