{"stats":{"minecraft:custom":{"minecraft:interact_with_crafting_table":191,"minecraft:leave_game":19,"minecraft:time_since_death":1098051,"minecraft:sprint_one_cm":1500657,"minecraft:damage_blocked_by_shield":1243,"minecraft:drop":85,"minecraft:talked_to_villager":3,"minecraft:play_time":1164347,"minecraft:deaths":4,"minecraft:jump":15840,"minecraft:walk_on_water_one_cm":91271,"minecraft:interact_with_furnace":136,"minecraft:sleep_in_bed":81,"minecraft:damage_dealt":13595,"minecraft:crouch_one_cm":212617,"minecraft:interact_with_smoker":33,"minecraft:mob_kills":119,"minecraft:climb_one_cm":27681,"minecraft:walk_one_cm":1930153,"minecraft:sneak_time":127941,"minecraft:walk_under_water_one_cm":26543,"minecraft:boat_one_cm":30051,"minecraft:interact_with_blast_furnace":8,"minecraft:total_world_time":1164347,"minecraft:time_since_rest":9294,"minecraft:damage_taken":8687,"minecraft:swim_one_cm":110007,"minecraft:fly_one_cm":2736330,"minecraft:open_chest":261,"minecraft:fish_caught":14,"minecraft:fall_one_cm":323108},"minecraft:crafted":{"minecraft:brick":3,"minecraft:oak_planks":1468,"minecraft:smooth_stone":8,"minecraft:cooked_chicken":13,"minecraft:birch_slab":186,"minecraft:stone":8,"minecraft:cooked_mutton":44,"minecraft:glass":107,"minecraft:bow":1,"minecraft:iron_boots":1,"minecraft:chest":23,"minecraft:oak_fence":111,"minecraft:flower_pot":1,"minecraft:smoker":1,"minecraft:oak_slab":264,"minecraft:cooked_porkchop":32,"minecraft:crafting_table":6,"minecraft:wooden_pickaxe":3,"minecraft:iron_helmet":1,"minecraft:birch_planks":1747,"minecraft:iron_chestplate":3,"minecraft:shield":2,"minecraft:birch_fence":21,"minecraft:stick":232,"minecraft:iron_ingot":105,"minecraft:iron_pickaxe":2,"minecraft:stone_sword":3,"minecraft:gold_ingot":9,"minecraft:birch_stairs":376,"minecraft:cherry_planks":12,"minecraft:stone_shovel":26,"minecraft:fishing_rod":1,"minecraft:smooth_stone_slab":6,"minecraft:iron_nugget":207,"minecraft:furnace":7,"minecraft:blast_furnace":1,"minecraft:oak_trapdoor":32,"minecraft:glass_pane":272,"minecraft:lantern":9,"minecraft:iron_axe":1,"minecraft:ladder":6,"minecraft:stone_pickaxe":10,"minecraft:cooked_beef":22,"minecraft:red_dye":4,"minecraft:cooked_cod":11,"minecraft:iron_sword":1,"minecraft:red_bed":2,"minecraft:bucket":1,"minecraft:stone_axe":30,"minecraft:air":0,"minecraft:oak_fence_gate":3,"minecraft:oak_stairs":436,"minecraft:iron_shovel":1,"minecraft:iron_leggings":2,"minecraft:armor_stand":2,"minecraft:white_bed":1,"minecraft:acacia_planks":16,"minecraft:torch":424},"minecraft:mined":{"minecraft:white_bed":5,"minecraft:oak_sapling":1,"minecraft:farmland":3,"minecraft:cherry_log":10,"minecraft:granite":6,"minecraft:acacia_log":4,"minecraft:grass_block":1059,"minecraft:iron_ore":73,"minecraft:pumpkin":1,"minecraft:deepslate_lapis_ore":9,"minecraft:pointed_dripstone":4,"minecraft:oak_stairs":310,"minecraft:orange_bed":9,"minecraft:deepslate_redstone_ore":6,"minecraft:red_bed":4,"minecraft:smoker":1,"minecraft:clay":15,"minecraft:torch":57,"minecraft:blast_furnace":1,"minecraft:poppy":4,"minecraft:chest":25,"minecraft:cobblestone":18,"minecraft:sugar_cane":3,"minecraft:oak_planks":236,"minecraft:wall_torch":29,"minecraft:pink_petals":1,"minecraft:birch_log":442,"minecraft:wheat":1,"minecraft:oak_log":1437,"minecraft:sand":157,"minecraft:dirt":2018,"minecraft:oak_leaves":220,"minecraft:deepslate":9,"minecraft:tuff":3,"minecraft:deepslate_diamond_ore":8,"minecraft:glow_lichen":1,"minecraft:birch_slab":37,"minecraft:moss_block":1,"minecraft:oak_trapdoor":62,"minecraft:furnace":7,"minecraft:andesite":2,"minecraft:peony":6,"minecraft:deepslate_iron_ore":21,"minecraft:stone":583,"minecraft:oak_slab":61,"minecraft:birch_stairs":211,"minecraft:flowering_azalea":1,"minecraft:glass_pane":46,"minecraft:oak_fence":51,"minecraft:crafting_table":21,"minecraft:short_grass":532,"minecraft:rose_bush":5,"minecraft:tall_grass":80,"minecraft:deepslate_gold_ore":9,"minecraft:birch_planks":98,"minecraft:birch_leaves":39,"minecraft:coal_ore":569,"minecraft:flower_pot":2,"minecraft:cherry_leaves":4,"minecraft:sunflower":2,"minecraft:gravel":14,"minecraft:dripstone_block":5,"minecraft:cobweb":6,"minecraft:birch_fence":9},"minecraft:picked_up":{"minecraft:iron_chestplate":1,"minecraft:wheat":1,"minecraft:flower_pot":2,"minecraft:diamond_sword":3,"minecraft:lead":5,"minecraft:oak_stairs":331,"minecraft:enchanted_book":1,"minecraft:golden_sword":1,"minecraft:amethyst_block":2,"minecraft:string":36,"minecraft:smooth_stone_slab":4,"minecraft:iron_leggings":1,"minecraft:pufferfish":4,"minecraft:diamond_leggings":1,"minecraft:cobbled_deepslate":54,"minecraft:smooth_stone":7,"minecraft:rose_bush":5,"minecraft:iron_pickaxe":1,"minecraft:iron_boots":1,"minecraft:furnace":7,"minecraft:stick":211,"minecraft:oak_fence":54,"minecraft:torch":175,"minecraft:acacia_log":8,"minecraft:porkchop":39,"minecraft:cherry_log":10,"minecraft:pointed_dripstone":12,"minecraft:orange_bed":9,"minecraft:rotten_flesh":84,"minecraft:obsidian":2,"minecraft:cod":20,"minecraft:cobblestone":613,"minecraft:birch_log":456,"minecraft:pink_petals":8,"minecraft:feather":20,"minecraft:cooked_beef":3,"minecraft:cherry_planks":10,"minecraft:birch_slab":114,"minecraft:andesite":2,"minecraft:smoker":1,"minecraft:tuff":3,"minecraft:lapis_lazuli":236,"minecraft:dirt":3372,"minecraft:lantern":1,"minecraft:name_tag":1,"minecraft:leather_boots":2,"minecraft:bone":29,"minecraft:wheat_seeds":112,"minecraft:raw_gold":69,"minecraft:diamond_helmet":1,"minecraft:moss_block":1,"minecraft:oak_planks":237,"minecraft:cooked_porkchop":17,"minecraft:sand":152,"minecraft:iron_hoe":1,"minecraft:diamond":61,"minecraft:crossbow":1,"minecraft:granite":7,"minecraft:bone_meal":5,"minecraft:bread":32,"minecraft:emerald":1,"minecraft:oak_sapling":236,"minecraft:diamond_pickaxe":6,"minecraft:fishing_rod":1,"minecraft:crafting_table":22,"minecraft:ominous_bottle":1,"minecraft:chicken":17,"minecraft:clay_ball":48,"minecraft:golden_pickaxe":1,"minecraft:red_bed":4,"minecraft:oak_trapdoor":62,"minecraft:birch_fence":9,"minecraft:beef":31,"minecraft:poppy":4,"minecraft:light_gray_wool":4,"minecraft:sugar_cane":12,"minecraft:chest":26,"minecraft:birch_sapling":60,"minecraft:egg":12,"minecraft:raw_iron":100,"minecraft:redstone":258,"minecraft:diamond_chestplate":1,"minecraft:arrow":24,"minecraft:stone_shovel":5,"minecraft:peony":10,"minecraft:diamond_boots":1,"minecraft:saddle":1,"minecraft:gold_ingot":36,"minecraft:glow_berries":6,"minecraft:mutton":49,"minecraft:white_wool":44,"minecraft:rail":275,"minecraft:golden_carrot":11,"minecraft:salmon":6,"minecraft:leather":50,"minecraft:birch_planks":155,"minecraft:oak_log":1504,"minecraft:white_banner":1,"minecraft:cooked_mutton":2,"minecraft:apple":36,"minecraft:iron_ingot":77,"minecraft:cooked_chicken":12,"minecraft:flowering_azalea":1,"minecraft:oak_slab":137,"minecraft:birch_boat":2,"minecraft:pumpkin":2,"minecraft:dripstone_block":5,"minecraft:gravel":12,"minecraft:birch_stairs":205,"minecraft:amethyst_shard":24,"minecraft:blast_furnace":1,"minecraft:white_bed":6,"minecraft:spider_eye":8,"minecraft:stone_axe":12,"minecraft:iron_helmet":1,"minecraft:cherry_sapling":3,"minecraft:gray_wool":1,"minecraft:melon_seeds":2,"minecraft:coal":1171,"minecraft:sunflower":3},"minecraft:broken":{"minecraft:stone_pickaxe":4,"minecraft:stone_axe":21,"minecraft:stone_shovel":22,"minecraft:stone_sword":1,"minecraft:wooden_pickaxe":3,"minecraft:iron_axe":1,"minecraft:iron_pickaxe":2},"minecraft:killed_by":{"minecraft:creeper":1,"minecraft:witch":1,"minecraft:skeleton":2},"minecraft:dropped":{"minecraft:birch_planks":86,"minecraft:cooked_beef":1,"minecraft:oak_log":54,"minecraft:rail":3,"minecraft:birch_slab":72,"minecraft:dirt":259,"minecraft:birch_stairs":1,"minecraft:gravel":3,"minecraft:stone_axe":9,"minecraft:birch_sapling":1,"minecraft:obsidian":1,"minecraft:rotten_flesh":35,"minecraft:cooked_mutton":2,"minecraft:white_bed":2,"minecraft:egg":4,"minecraft:oak_slab":63,"minecraft:wheat_seeds":30,"minecraft:cobblestone":67,"minecraft:stick":14,"minecraft:torch":9,"minecraft:oak_stairs":51,"minecraft:flowering_azalea":1,"minecraft:string":2,"minecraft:redstone":4,"minecraft:stone_shovel":3,"minecraft:peony":4,"minecraft:iron_chestplate":1,"minecraft:oak_sapling":1,"minecraft:birch_boat":1},"minecraft:killed":{"minecraft:cave_spider":2,"minecraft:spider":5,"minecraft:cod":2,"minecraft:skeleton":4,"minecraft:chicken":15,"minecraft:pig":20,"minecraft:sheep":31,"minecraft:trader_llama":3,"minecraft:pillager":3,"minecraft:zombie":15,"minecraft:cow":17},"minecraft:used":{"minecraft:peony":4,"minecraft:iron_shovel":68,"minecraft:ladder":6,"minecraft:chest":38,"minecraft:shield":26,"minecraft:iron_sword":138,"minecraft:iron_chestplate":1,"minecraft:tuff":3,"minecraft:lantern":9,"minecraft:birch_sapling":36,"minecraft:iron_helmet":1,"minecraft:bow":4,"minecraft:furnace":10,"minecraft:oak_sapling":164,"minecraft:cooked_cod":9,"minecraft:egg":7,"minecraft:stone_pickaxe":663,"minecraft:oak_planks":546,"minecraft:wooden_pickaxe":177,"minecraft:blast_furnace":2,"minecraft:dripstone_block":5,"minecraft:birch_fence":13,"minecraft:birch_slab":188,"minecraft:bread":32,"minecraft:gravel":1,"minecraft:oak_fence":146,"minecraft:oak_trapdoor":94,"minecraft:stone_sword":177,"minecraft:armor_stand":2,"minecraft:stone_shovel":2976,"minecraft:cooked_chicken":12,"minecraft:orange_bed":8,"minecraft:torch":471,"minecraft:dirt":2632,"minecraft:granite":1,"minecraft:oak_fence_gate":3,"minecraft:iron_hoe":65,"minecraft:iron_axe":251,"minecraft:oak_stairs":620,"minecraft:iron_boots":1,"minecraft:cooked_beef":24,"minecraft:cobbled_deepslate":11,"minecraft:iron_leggings":2,"minecraft:wheat_seeds":45,"minecraft:cooked_mutton":40,"minecraft:water_bucket":56,"minecraft:birch_planks":713,"minecraft:oak_slab":145,"minecraft:crafting_table":26,"minecraft:red_bed":6,"minecraft:white_bed":3,"minecraft:smoker":2,"minecraft:oak_log":1046,"minecraft:flower_pot":3,"minecraft:sunflower":1,"minecraft:iron_pickaxe":503,"minecraft:stone_axe":2816,"minecraft:pink_petals":4,"minecraft:fishing_rod":25,"minecraft:cobblestone":251,"minecraft:cooked_porkchop":48,"minecraft:bucket":56,"minecraft:glass_pane":255,"minecraft:birch_stairs":563}},"DataVersion":3955}