{"stats":{"minecraft:killed_by":{"minecraft:skeleton":2,"minecraft:creeper":1,"minecraft:witch":1},"minecraft:dropped":{"minecraft:wheat_seeds":1,"minecraft:birch_sapling":1,"minecraft:cobblestone":67,"minecraft:iron_chestplate":1,"minecraft:flowering_azalea":1},"minecraft:broken":{"minecraft:stone_pickaxe":1,"minecraft:wooden_pickaxe":2},"minecraft:used":{"minecraft:cooked_mutton":2,"minecraft:stone_sword":33,"minecraft:stone_shovel":11,"minecraft:stone_pickaxe":261,"minecraft:wooden_pickaxe":118,"minecraft:shield":3,"minecraft:torch":70,"minecraft:dirt":9,"minecraft:crafting_table":7,"minecraft:white_bed":3,"minecraft:gravel":1,"minecraft:stone_axe":18,"minecraft:cobblestone":19,"minecraft:furnace":4,"minecraft:egg":1,"minecraft:cooked_beef":3,"minecraft:iron_leggings":1},"minecraft:mined":{"minecraft:flowering_azalea":1,"minecraft:white_bed":3,"minecraft:crafting_table":6,"minecraft:torch":1,"minecraft:granite":5,"minecraft:short_grass":1,"minecraft:grass_block":4,"minecraft:tall_grass":2,"minecraft:cobblestone":2,"minecraft:moss_block":1,"minecraft:wall_torch":6,"minecraft:furnace":3,"minecraft:birch_log":34,"minecraft:iron_ore":32,"minecraft:andesite":2,"minecraft:birch_leaves":11,"minecraft:coal_ore":153,"minecraft:gravel":10,"minecraft:dirt":12,"minecraft:stone":178},"minecraft:custom":{"minecraft:interact_with_furnace":34,"minecraft:mob_kills":13,"minecraft:interact_with_crafting_table":23,"minecraft:leave_game":1,"minecraft:time_since_death":4928,"minecraft:sleep_in_bed":2,"minecraft:time_since_rest":4987,"minecraft:sprint_one_cm":77272,"minecraft:damage_taken":1788,"minecraft:walk_one_cm":87450,"minecraft:damage_blocked_by_shield":135,"minecraft:drop":8,"minecraft:damage_dealt":1352,"minecraft:fly_one_cm":120724,"minecraft:swim_one_cm":12529,"minecraft:crouch_one_cm":5555,"minecraft:play_time":71224,"minecraft:deaths":4,"minecraft:sneak_time":3135,"minecraft:walk_under_water_one_cm":3117,"minecraft:boat_one_cm":30051,"minecraft:jump":887,"minecraft:walk_on_water_one_cm":13924,"minecraft:total_world_time":71224,"minecraft:fall_one_cm":18239},"minecraft:picked_up":{"minecraft:birch_log":34,"minecraft:crafting_table":7,"minecraft:feather":2,"minecraft:cooked_beef":2,"minecraft:chicken":2,"minecraft:andesite":2,"minecraft:leather":1,"minecraft:string":2,"minecraft:dirt":15,"minecraft:bone":2,"minecraft:wheat_seeds":2,"minecraft:beef":1,"minecraft:cooked_chicken":1,"minecraft:moss_block":1,"minecraft:birch_sapling":4,"minecraft:flowering_azalea":1,"minecraft:egg":1,"minecraft:furnace":2,"minecraft:stick":2,"minecraft:raw_iron":32,"minecraft:torch":8,"minecraft:gravel":6,"minecraft:porkchop":1,"minecraft:white_bed":3,"minecraft:spider_eye":1,"minecraft:arrow":2,"minecraft:granite":6,"minecraft:coal":153,"minecraft:mutton":6,"minecraft:cod":2,"minecraft:white_wool":4,"minecraft:cobblestone":203},"minecraft:crafted":{"minecraft:cooked_beef":1,"minecraft:cooked_cod":2,"minecraft:stone_shovel":1,"minecraft:cooked_porkchop":1,"minecraft:crafting_table":2,"minecraft:cooked_chicken":2,"minecraft:wooden_pickaxe":2,"minecraft:furnace":3,"minecraft:birch_planks":136,"minecraft:stone_axe":2,"minecraft:cooked_mutton":6,"minecraft:air":0,"minecraft:iron_chestplate":2,"minecraft:shield":1,"minecraft:stick":72,"minecraft:iron_ingot":31,"minecraft:stone_pickaxe":5,"minecraft:stone_sword":2,"minecraft:iron_leggings":1,"minecraft:white_bed":1,"minecraft:torch":96},"minecraft:killed":{"minecraft:pig":1,"minecraft:spider":1,"minecraft:cod":2,"minecraft:skeleton":1,"minecraft:sheep":4,"minecraft:zombie":1,"minecraft:chicken":2,"minecraft:cow":1}},"DataVersion":3955}