{"stats":{"minecraft:killed_by":{"minecraft:skeleton":2,"minecraft:creeper":1,"minecraft:witch":1},"minecraft:dropped":{"minecraft:wheat_seeds":7,"minecraft:birch_sapling":1,"minecraft:cobblestone":67,"minecraft:iron_chestplate":1,"minecraft:flowering_azalea":1},"minecraft:broken":{"minecraft:stone_pickaxe":2,"minecraft:wooden_pickaxe":3},"minecraft:used":{"minecraft:cooked_mutton":2,"minecraft:stone_sword":51,"minecraft:stone_shovel":11,"minecraft:stone_pickaxe":458,"minecraft:wooden_pickaxe":177,"minecraft:shield":3,"minecraft:cooked_chicken":1,"minecraft:iron_chestplate":1,"minecraft:orange_bed":3,"minecraft:torch":135,"minecraft:dirt":14,"minecraft:crafting_table":11,"minecraft:white_bed":3,"minecraft:dripstone_block":3,"minecraft:granite":1,"minecraft:bread":9,"minecraft:iron_helmet":1,"minecraft:iron_boots":1,"minecraft:gravel":1,"minecraft:stone_axe":35,"minecraft:cobblestone":129,"minecraft:furnace":5,"minecraft:cooked_porkchop":3,"minecraft:egg":1,"minecraft:cooked_beef":3,"minecraft:iron_leggings":2},"minecraft:mined":{"minecraft:flowering_azalea":1,"minecraft:white_bed":4,"minecraft:crafting_table":9,"minecraft:torch":4,"minecraft:granite":6,"minecraft:short_grass":7,"minecraft:grass_block":5,"minecraft:tall_grass":10,"minecraft:cobblestone":8,"minecraft:moss_block":1,"minecraft:wall_torch":9,"minecraft:furnace":5,"minecraft:birch_log":45,"minecraft:iron_ore":64,"minecraft:andesite":2,"minecraft:birch_leaves":12,"minecraft:pumpkin":1,"minecraft:pointed_dripstone":4,"minecraft:coal_ore":230,"minecraft:dripstone_block":5,"minecraft:gravel":10,"minecraft:dirt":16,"minecraft:stone":307,"minecraft:orange_bed":4},"minecraft:custom":{"minecraft:interact_with_furnace":87,"minecraft:mob_kills":17,"minecraft:interact_with_crafting_table":48,"minecraft:leave_game":1,"minecraft:time_since_death":64928,"minecraft:sleep_in_bed":4,"minecraft:time_since_rest":24622,"minecraft:sprint_one_cm":167478,"minecraft:damage_taken":2273,"minecraft:walk_one_cm":163821,"minecraft:damage_blocked_by_shield":135,"minecraft:drop":11,"minecraft:damage_dealt":2012,"minecraft:fly_one_cm":264178,"minecraft:swim_one_cm":31868,"minecraft:open_chest":2,"minecraft:crouch_one_cm":11239,"minecraft:play_time":131224,"minecraft:deaths":4,"minecraft:sneak_time":6355,"minecraft:walk_under_water_one_cm":4875,"minecraft:boat_one_cm":30051,"minecraft:jump":1828,"minecraft:walk_on_water_one_cm":21925,"minecraft:total_world_time":131224,"minecraft:fall_one_cm":38682},"minecraft:picked_up":{"minecraft:birch_log":45,"minecraft:crafting_table":10,"minecraft:feather":2,"minecraft:cooked_beef":2,"minecraft:chicken":2,"minecraft:andesite":2,"minecraft:leather":1,"minecraft:string":4,"minecraft:dirt":20,"minecraft:bone":3,"minecraft:wheat_seeds":8,"minecraft:beef":1,"minecraft:cooked_chicken":1,"minecraft:moss_block":1,"minecraft:birch_sapling":4,"minecraft:flowering_azalea":1,"minecraft:egg":1,"minecraft:furnace":4,"minecraft:stick":2,"minecraft:raw_iron":62,"minecraft:cooked_porkchop":3,"minecraft:pumpkin":1,"minecraft:torch":16,"minecraft:dripstone_block":5,"minecraft:gravel":6,"minecraft:porkchop":8,"minecraft:pointed_dripstone":6,"minecraft:white_bed":4,"minecraft:spider_eye":1,"minecraft:orange_bed":4,"minecraft:arrow":4,"minecraft:diamond":2,"minecraft:granite":7,"minecraft:bread":32,"minecraft:coal":230,"minecraft:mutton":6,"minecraft:cod":2,"minecraft:white_wool":4,"minecraft:cobblestone":338},"minecraft:crafted":{"minecraft:cooked_beef":11,"minecraft:cooked_cod":2,"minecraft:smooth_stone":8,"minecraft:stone_shovel":1,"minecraft:cooked_porkchop":8,"minecraft:crafting_table":3,"minecraft:iron_helmet":1,"minecraft:cooked_chicken":2,"minecraft:wooden_pickaxe":3,"minecraft:iron_sword":1,"minecraft:furnace":3,"minecraft:stone":8,"minecraft:birch_planks":156,"minecraft:stone_axe":3,"minecraft:cooked_mutton":6,"minecraft:air":0,"minecraft:iron_boots":1,"minecraft:iron_chestplate":3,"minecraft:shield":2,"minecraft:stick":116,"minecraft:iron_ingot":64,"minecraft:iron_pickaxe":1,"minecraft:stone_pickaxe":7,"minecraft:stone_sword":3,"minecraft:iron_leggings":2,"minecraft:white_bed":1,"minecraft:torch":180},"minecraft:killed":{"minecraft:pig":4,"minecraft:spider":2,"minecraft:cod":2,"minecraft:skeleton":1,"minecraft:sheep":4,"minecraft:zombie":1,"minecraft:chicken":2,"minecraft:cow":1}},"DataVersion":3955}