{"stats":{"minecraft:broken":{"minecraft:stone_pickaxe":1,"minecraft:wooden_pickaxe":1},"minecraft:used":{"minecraft:cooked_mutton":2,"minecraft:stone_sword":18,"minecraft:stone_shovel":11,"minecraft:stone_pickaxe":165,"minecraft:wooden_pickaxe":59,"minecraft:gravel":1,"minecraft:stone_axe":17,"minecraft:torch":37,"minecraft:cobblestone":4,"minecraft:crafting_table":4,"minecraft:furnace":2,"minecraft:white_bed":3},"minecraft:mined":{"minecraft:white_bed":3,"minecraft:furnace":2,"minecraft:iron_ore":14,"minecraft:birch_log":21,"minecraft:birch_leaves":3,"minecraft:torch":1,"minecraft:crafting_table":4,"minecraft:grass_block":1,"minecraft:coal_ore":104,"minecraft:gravel":10,"minecraft:dirt":2,"minecraft:stone":104,"minecraft:wall_torch":4},"minecraft:custom":{"minecraft:time_since_rest":8566,"minecraft:interact_with_furnace":9,"minecraft:sprint_one_cm":36176,"minecraft:damage_taken":30,"minecraft:walk_one_cm":41801,"minecraft:mob_kills":8,"minecraft:damage_dealt":679,"minecraft:swim_one_cm":11701,"minecraft:interact_with_crafting_table":8,"minecraft:fly_one_cm":42394,"minecraft:crouch_one_cm":901,"minecraft:play_time":29224,"minecraft:sneak_time":500,"minecraft:walk_under_water_one_cm":1082,"minecraft:jump":364,"minecraft:leave_game":1,"minecraft:time_since_death":29224,"minecraft:walk_on_water_one_cm":4972,"minecraft:sleep_in_bed":2,"minecraft:total_world_time":29224,"minecraft:fall_one_cm":5556},"minecraft:picked_up":{"minecraft:birch_log":21,"minecraft:raw_iron":14,"minecraft:stick":2,"minecraft:crafting_table":4,"minecraft:torch":5,"minecraft:gravel":6,"minecraft:porkchop":1,"minecraft:white_bed":3,"minecraft:dirt":2,"minecraft:cod":2,"minecraft:mutton":6,"minecraft:coal":104,"minecraft:white_wool":4,"minecraft:cobblestone":103,"minecraft:furnace":1},"minecraft:crafted":{"minecraft:cooked_cod":2,"minecraft:stone_shovel":1,"minecraft:cooked_porkchop":1,"minecraft:shield":1,"minecraft:crafting_table":1,"minecraft:stick":56,"minecraft:iron_ingot":2,"minecraft:wooden_pickaxe":1,"minecraft:stone_pickaxe":2,"minecraft:stone_sword":1,"minecraft:furnace":2,"minecraft:white_bed":1,"minecraft:torch":76,"minecraft:birch_planks":84,"minecraft:stone_axe":1,"minecraft:air":0,"minecraft:cooked_mutton":6},"minecraft:killed":{"minecraft:sheep":4,"minecraft:zombie":1,"minecraft:pig":1,"minecraft:cod":2}},"DataVersion":3955}