{"stats":{"minecraft:killed_by":{"minecraft:skeleton":2,"minecraft:creeper":1,"minecraft:witch":1},"minecraft:dropped":{"minecraft:stone_axe":1,"minecraft:wheat_seeds":7,"minecraft:birch_sapling":1,"minecraft:rotten_flesh":15,"minecraft:cobblestone":67,"minecraft:white_bed":2,"minecraft:rail":3,"minecraft:iron_chestplate":1,"minecraft:flowering_azalea":1,"minecraft:redstone":4},"minecraft:broken":{"minecraft:stone_pickaxe":2,"minecraft:wooden_pickaxe":3},"minecraft:used":{"minecraft:cooked_mutton":2,"minecraft:stone_sword":51,"minecraft:stone_shovel":11,"minecraft:stone_pickaxe":511,"minecraft:wooden_pickaxe":177,"minecraft:shield":8,"minecraft:iron_sword":58,"minecraft:cooked_chicken":1,"minecraft:iron_chestplate":1,"minecraft:orange_bed":5,"minecraft:torch":239,"minecraft:dirt":14,"minecraft:crafting_table":12,"minecraft:white_bed":3,"minecraft:dripstone_block":5,"minecraft:tuff":3,"minecraft:granite":1,"minecraft:bread":18,"minecraft:iron_pickaxe":44,"minecraft:iron_helmet":1,"minecraft:iron_boots":1,"minecraft:gravel":1,"minecraft:stone_axe":46,"minecraft:cobblestone":144,"minecraft:furnace":6,"minecraft:cooked_porkchop":10,"minecraft:egg":1,"minecraft:cobbled_deepslate":11,"minecraft:cooked_beef":3,"minecraft:iron_leggings":2},"minecraft:custom":{"minecraft:interact_with_furnace":105,"minecraft:mob_kills":30,"minecraft:interact_with_crafting_table":49,"minecraft:leave_game":1,"minecraft:time_since_death":100928,"minecraft:sleep_in_bed":4,"minecraft:time_since_rest":60622,"minecraft:sprint_one_cm":242618,"minecraft:damage_taken":3132,"minecraft:walk_one_cm":263617,"minecraft:damage_blocked_by_shield":673,"minecraft:drop":21,"minecraft:damage_dealt":4451,"minecraft:fly_one_cm":363817,"minecraft:swim_one_cm":51211,"minecraft:open_chest":2,"minecraft:crouch_one_cm":12032,"minecraft:play_time":167224,"minecraft:deaths":4,"minecraft:sneak_time":6730,"minecraft:walk_under_water_one_cm":10095,"minecraft:boat_one_cm":30051,"minecraft:jump":2487,"minecraft:walk_on_water_one_cm":25855,"minecraft:total_world_time":167224,"minecraft:fall_one_cm":51048},"minecraft:mined":{"minecraft:deepslate_redstone_ore":6,"minecraft:tuff":3,"minecraft:flowering_azalea":1,"minecraft:white_bed":4,"minecraft:deepslate_diamond_ore":8,"minecraft:glow_lichen":1,"minecraft:oak_fence":9,"minecraft:crafting_table":10,"minecraft:torch":17,"minecraft:granite":6,"minecraft:short_grass":7,"minecraft:grass_block":5,"minecraft:tall_grass":10,"minecraft:cobblestone":9,"minecraft:deepslate_gold_ore":9,"minecraft:moss_block":1,"minecraft:wall_torch":16,"minecraft:furnace":6,"minecraft:birch_log":45,"minecraft:iron_ore":65,"minecraft:andesite":2,"minecraft:birch_leaves":12,"minecraft:pumpkin":1,"minecraft:deepslate_lapis_ore":9,"minecraft:pointed_dripstone":4,"minecraft:coal_ore":248,"minecraft:deepslate_iron_ore":21,"minecraft:dripstone_block":5,"minecraft:gravel":10,"minecraft:dirt":20,"minecraft:cobweb":6,"minecraft:stone":318,"minecraft:deepslate":9,"minecraft:orange_bed":6},"minecraft:picked_up":{"minecraft:birch_log":45,"minecraft:crafting_table":11,"minecraft:feather":2,"minecraft:cooked_beef":2,"minecraft:chicken":2,"minecraft:andesite":2,"minecraft:leather":1,"minecraft:tuff":3,"minecraft:lapis_lazuli":71,"minecraft:string":16,"minecraft:dirt":24,"minecraft:bone":9,"minecraft:wheat_seeds":8,"minecraft:cobbled_deepslate":11,"minecraft:raw_gold":9,"minecraft:iron_ingot":1,"minecraft:beef":1,"minecraft:cooked_chicken":1,"minecraft:moss_block":1,"minecraft:oak_planks":1,"minecraft:birch_sapling":4,"minecraft:flowering_azalea":1,"minecraft:egg":1,"minecraft:furnace":5,"minecraft:stick":2,"minecraft:raw_iron":85,"minecraft:cooked_porkchop":3,"minecraft:pumpkin":1,"minecraft:oak_fence":12,"minecraft:torch":33,"minecraft:dripstone_block":5,"minecraft:gravel":6,"minecraft:porkchop":8,"minecraft:pointed_dripstone":6,"minecraft:white_bed":5,"minecraft:redstone":33,"minecraft:spider_eye":3,"minecraft:orange_bed":6,"minecraft:arrow":7,"minecraft:rotten_flesh":15,"minecraft:diamond":11,"minecraft:stone_axe":1,"minecraft:granite":7,"minecraft:bread":32,"minecraft:rail":4,"minecraft:coal":246,"minecraft:mutton":6,"minecraft:cod":2,"minecraft:white_wool":4,"minecraft:cobblestone":350},"minecraft:crafted":{"minecraft:cooked_beef":11,"minecraft:cooked_cod":2,"minecraft:smooth_stone":8,"minecraft:stone_shovel":1,"minecraft:cooked_porkchop":8,"minecraft:crafting_table":3,"minecraft:iron_helmet":1,"minecraft:cooked_chicken":2,"minecraft:wooden_pickaxe":3,"minecraft:iron_sword":1,"minecraft:furnace":3,"minecraft:stone":8,"minecraft:birch_planks":156,"minecraft:stone_axe":3,"minecraft:cooked_mutton":6,"minecraft:air":0,"minecraft:iron_boots":1,"minecraft:iron_chestplate":3,"minecraft:shield":2,"minecraft:stick":116,"minecraft:iron_ingot":85,"minecraft:iron_pickaxe":1,"minecraft:stone_pickaxe":7,"minecraft:stone_sword":3,"minecraft:iron_leggings":2,"minecraft:white_bed":1,"minecraft:torch":240},"minecraft:killed":{"minecraft:cave_spider":2,"minecraft:pig":4,"minecraft:spider":3,"minecraft:cod":2,"minecraft:skeleton":3,"minecraft:sheep":4,"minecraft:zombie":9,"minecraft:chicken":2,"minecraft:cow":1}},"DataVersion":3955}