{"stats":{"minecraft:broken":{"minecraft:stone_sword":1,"minecraft:wooden_pickaxe":3,"minecraft:stone_pickaxe":4,"minecraft:stone_axe":6,"minecraft:iron_pickaxe":1,"minecraft:stone_shovel":7},"minecraft:killed_by":{"minecraft:creeper":1,"minecraft:skeleton":2,"minecraft:witch":1},"minecraft:mined":{"minecraft:tuff":3,"minecraft:white_bed":4,"minecraft:deepslate_diamond_ore":8,"minecraft:cherry_log":10,"minecraft:glow_lichen":1,"minecraft:granite":6,"minecraft:acacia_log":4,"minecraft:grass_block":642,"minecraft:birch_slab":10,"minecraft:moss_block":1,"minecraft:furnace":6,"minecraft:iron_ore":73,"minecraft:andesite":2,"minecraft:pumpkin":1,"minecraft:deepslate_lapis_ore":9,"minecraft:peony":1,"minecraft:pointed_dripstone":4,"minecraft:deepslate_iron_ore":21,"minecraft:oak_stairs":26,"minecraft:stone":457,"minecraft:orange_bed":7,"minecraft:birch_stairs":8,"minecraft:oak_slab":4,"minecraft:deepslate_redstone_ore":6,"minecraft:flowering_azalea":1,"minecraft:oak_fence":9,"minecraft:crafting_table":12,"minecraft:torch":22,"minecraft:short_grass":361,"minecraft:tall_grass":53,"minecraft:cobblestone":9,"minecraft:deepslate_gold_ore":9,"minecraft:oak_planks":60,"minecraft:sugar_cane":3,"minecraft:wall_torch":19,"minecraft:pink_petals":1,"minecraft:birch_planks":5,"minecraft:birch_log":102,"minecraft:birch_leaves":14,"minecraft:oak_log":631,"minecraft:coal_ore":558,"minecraft:dripstone_block":5,"minecraft:cherry_leaves":4,"minecraft:gravel":14,"minecraft:sand":38,"minecraft:dirt":410,"minecraft:cobweb":6,"minecraft:oak_leaves":70,"minecraft:deepslate":9},"minecraft:dropped":{"minecraft:wheat_seeds":15,"minecraft:cooked_beef":1,"minecraft:oak_log":1,"minecraft:cobblestone":67,"minecraft:rail":3,"minecraft:dirt":130,"minecraft:oak_stairs":34,"minecraft:flowering_azalea":1,"minecraft:redstone":4,"minecraft:gravel":3,"minecraft:stone_axe":2,"minecraft:birch_sapling":1,"minecraft:stone_shovel":1,"minecraft:rotten_flesh":15,"minecraft:white_bed":2,"minecraft:iron_chestplate":1},"minecraft:killed":{"minecraft:cave_spider":2,"minecraft:spider":3,"minecraft:cod":2,"minecraft:skeleton":4,"minecraft:chicken":15,"minecraft:pig":16,"minecraft:sheep":23,"minecraft:zombie":12,"minecraft:cow":17},"minecraft:custom":{"minecraft:mob_kills":95,"minecraft:interact_with_crafting_table":86,"minecraft:leave_game":7,"minecraft:time_since_death":344326,"minecraft:sprint_one_cm":663777,"minecraft:walk_one_cm":730630,"minecraft:damage_blocked_by_shield":1048,"minecraft:drop":35,"minecraft:play_time":410622,"minecraft:deaths":4,"minecraft:sneak_time":14261,"minecraft:walk_under_water_one_cm":16676,"minecraft:boat_one_cm":30051,"minecraft:jump":6990,"minecraft:interact_with_blast_furnace":8,"minecraft:walk_on_water_one_cm":53823,"minecraft:total_world_time":410622,"minecraft:interact_with_furnace":110,"minecraft:sleep_in_bed":25,"minecraft:time_since_rest":17866,"minecraft:damage_taken":4681,"minecraft:damage_dealt":10044,"minecraft:swim_one_cm":65821,"minecraft:fly_one_cm":1222453,"minecraft:open_chest":52,"minecraft:crouch_one_cm":24300,"minecraft:interact_with_smoker":23,"minecraft:fish_caught":14,"minecraft:fall_one_cm":149227},"minecraft:crafted":{"minecraft:cherry_planks":12,"minecraft:oak_planks":340,"minecraft:smooth_stone":8,"minecraft:stone_shovel":17,"minecraft:fishing_rod":1,"minecraft:cooked_chicken":13,"minecraft:birch_slab":138,"minecraft:furnace":5,"minecraft:blast_furnace":1,"minecraft:stone":8,"minecraft:cooked_mutton":30,"minecraft:iron_boots":1,"minecraft:iron_axe":1,"minecraft:stone_pickaxe":8,"minecraft:chest":4,"minecraft:smoker":1,"minecraft:cooked_beef":22,"minecraft:cooked_cod":2,"minecraft:oak_slab":6,"minecraft:cooked_porkchop":32,"minecraft:crafting_table":3,"minecraft:wooden_pickaxe":3,"minecraft:iron_helmet":1,"minecraft:iron_sword":1,"minecraft:bucket":1,"minecraft:birch_planks":392,"minecraft:stone_axe":12,"minecraft:air":0,"minecraft:iron_chestplate":3,"minecraft:shield":2,"minecraft:stick":180,"minecraft:iron_ingot":90,"minecraft:iron_pickaxe":2,"minecraft:oak_stairs":44,"minecraft:stone_sword":3,"minecraft:iron_shovel":1,"minecraft:iron_leggings":2,"minecraft:gold_ingot":9,"minecraft:white_bed":1,"minecraft:torch":424,"minecraft:birch_stairs":60},"minecraft:used":{"minecraft:stone_sword":177,"minecraft:iron_shovel":68,"minecraft:stone_shovel":1026,"minecraft:chest":4,"minecraft:shield":14,"minecraft:iron_sword":66,"minecraft:cooked_chicken":1,"minecraft:iron_chestplate":1,"minecraft:orange_bed":7,"minecraft:torch":369,"minecraft:dirt":515,"minecraft:tuff":3,"minecraft:granite":1,"minecraft:iron_axe":48,"minecraft:oak_stairs":26,"minecraft:iron_helmet":1,"minecraft:iron_boots":1,"minecraft:oak_sapling":61,"minecraft:furnace":7,"minecraft:egg":5,"minecraft:cooked_beef":24,"minecraft:cobbled_deepslate":11,"minecraft:iron_leggings":2,"minecraft:cooked_mutton":10,"minecraft:water_bucket":14,"minecraft:birch_planks":43,"minecraft:stone_pickaxe":654,"minecraft:oak_planks":125,"minecraft:wooden_pickaxe":177,"minecraft:oak_slab":4,"minecraft:crafting_table":15,"minecraft:blast_furnace":1,"minecraft:white_bed":3,"minecraft:dripstone_block":5,"minecraft:smoker":1,"minecraft:oak_log":266,"minecraft:birch_slab":61,"minecraft:bread":32,"minecraft:iron_pickaxe":361,"minecraft:gravel":1,"minecraft:stone_axe":850,"minecraft:fishing_rod":25,"minecraft:cobblestone":146,"minecraft:cooked_porkchop":10,"minecraft:bucket":15,"minecraft:birch_stairs":48},"minecraft:picked_up":{"minecraft:crafting_table":13,"minecraft:chicken":15,"minecraft:oak_stairs":60,"minecraft:string":16,"minecraft:pufferfish":2,"minecraft:cobbled_deepslate":11,"minecraft:beef":31,"minecraft:light_gray_wool":2,"minecraft:sugar_cane":6,"minecraft:birch_sapling":10,"minecraft:furnace":5,"minecraft:egg":6,"minecraft:stick":76,"minecraft:raw_iron":92,"minecraft:oak_fence":12,"minecraft:torch":43,"minecraft:acacia_log":4,"minecraft:porkchop":32,"minecraft:cherry_log":10,"minecraft:pointed_dripstone":6,"minecraft:redstone":33,"minecraft:orange_bed":7,"minecraft:stone_shovel":1,"minecraft:arrow":9,"minecraft:rotten_flesh":21,"minecraft:peony":1,"minecraft:cobblestone":478,"minecraft:mutton":32,"minecraft:rail":4,"minecraft:cod":11,"minecraft:white_wool":20,"minecraft:birch_log":102,"minecraft:pink_petals":4,"minecraft:feather":11,"minecraft:cooked_beef":3,"minecraft:birch_slab":13,"minecraft:andesite":2,"minecraft:salmon":3,"minecraft:leather":16,"minecraft:birch_planks":3,"minecraft:tuff":3,"minecraft:oak_log":626,"minecraft:lapis_lazuli":71,"minecraft:dirt":1032,"minecraft:leather_boots":1,"minecraft:bone":9,"minecraft:apple":11,"minecraft:wheat_seeds":51,"minecraft:raw_gold":9,"minecraft:iron_ingot":1,"minecraft:cooked_chicken":1,"minecraft:moss_block":1,"minecraft:flowering_azalea":1,"minecraft:oak_planks":60,"minecraft:oak_slab":4,"minecraft:cooked_porkchop":3,"minecraft:pumpkin":1,"minecraft:dripstone_block":5,"minecraft:gravel":10,"minecraft:birch_stairs":8,"minecraft:sand":34,"minecraft:white_bed":5,"minecraft:spider_eye":3,"minecraft:diamond":11,"minecraft:stone_axe":2,"minecraft:granite":7,"minecraft:cherry_sapling":3,"minecraft:bread":32,"minecraft:oak_sapling":76,"minecraft:coal":551}},"DataVersion":3955}