{"stats":{"minecraft:broken":{"minecraft:stone_sword":1,"minecraft:wooden_pickaxe":3,"minecraft:stone_pickaxe":4,"minecraft:stone_axe":7,"minecraft:iron_pickaxe":1,"minecraft:stone_shovel":8},"minecraft:killed_by":{"minecraft:creeper":1,"minecraft:skeleton":2,"minecraft:witch":1},"minecraft:mined":{"minecraft:tuff":3,"minecraft:white_bed":4,"minecraft:deepslate_diamond_ore":8,"minecraft:cherry_log":10,"minecraft:glow_lichen":1,"minecraft:granite":6,"minecraft:acacia_log":4,"minecraft:grass_block":800,"minecraft:birch_slab":30,"minecraft:moss_block":1,"minecraft:furnace":6,"minecraft:iron_ore":73,"minecraft:andesite":2,"minecraft:pumpkin":1,"minecraft:deepslate_lapis_ore":9,"minecraft:peony":1,"minecraft:pointed_dripstone":4,"minecraft:deepslate_iron_ore":21,"minecraft:oak_stairs":27,"minecraft:stone":457,"minecraft:orange_bed":8,"minecraft:deepslate_redstone_ore":6,"minecraft:oak_slab":10,"minecraft:birch_stairs":8,"minecraft:flowering_azalea":1,"minecraft:oak_fence":9,"minecraft:crafting_table":13,"minecraft:torch":25,"minecraft:short_grass":364,"minecraft:tall_grass":53,"minecraft:cobblestone":9,"minecraft:deepslate_gold_ore":9,"minecraft:sugar_cane":3,"minecraft:oak_planks":63,"minecraft:wall_torch":19,"minecraft:pink_petals":1,"minecraft:birch_planks":23,"minecraft:birch_log":164,"minecraft:birch_leaves":15,"minecraft:oak_log":639,"minecraft:coal_ore":558,"minecraft:dripstone_block":5,"minecraft:cherry_leaves":4,"minecraft:gravel":14,"minecraft:sand":38,"minecraft:dirt":458,"minecraft:cobweb":6,"minecraft:oak_leaves":70,"minecraft:deepslate":9},"minecraft:dropped":{"minecraft:wheat_seeds":16,"minecraft:cooked_beef":1,"minecraft:oak_log":1,"minecraft:cobblestone":67,"minecraft:rail":3,"minecraft:dirt":130,"minecraft:oak_stairs":48,"minecraft:flowering_azalea":1,"minecraft:redstone":4,"minecraft:gravel":3,"minecraft:stone_axe":2,"minecraft:birch_sapling":1,"minecraft:stone_shovel":1,"minecraft:rotten_flesh":15,"minecraft:white_bed":2,"minecraft:iron_chestplate":1},"minecraft:killed":{"minecraft:cave_spider":2,"minecraft:spider":3,"minecraft:cod":2,"minecraft:skeleton":4,"minecraft:chicken":15,"minecraft:pig":16,"minecraft:sheep":23,"minecraft:zombie":13,"minecraft:cow":17},"minecraft:custom":{"minecraft:mob_kills":96,"minecraft:interact_with_crafting_table":91,"minecraft:leave_game":7,"minecraft:time_since_death":383742,"minecraft:sprint_one_cm":708024,"minecraft:walk_one_cm":813454,"minecraft:damage_blocked_by_shield":1048,"minecraft:drop":37,"minecraft:play_time":450038,"minecraft:sneak_time":16721,"minecraft:deaths":4,"minecraft:walk_under_water_one_cm":16676,"minecraft:boat_one_cm":30051,"minecraft:jump":7503,"minecraft:interact_with_blast_furnace":8,"minecraft:walk_on_water_one_cm":53952,"minecraft:total_world_time":450038,"minecraft:interact_with_furnace":110,"minecraft:sleep_in_bed":27,"minecraft:time_since_rest":23947,"minecraft:damage_taken":4975,"minecraft:damage_dealt":10243,"minecraft:swim_one_cm":65821,"minecraft:fly_one_cm":1318134,"minecraft:open_chest":58,"minecraft:crouch_one_cm":29244,"minecraft:interact_with_smoker":23,"minecraft:fish_caught":14,"minecraft:fall_one_cm":158067},"minecraft:crafted":{"minecraft:cherry_planks":12,"minecraft:smooth_stone":8,"minecraft:oak_planks":364,"minecraft:stone_shovel":17,"minecraft:fishing_rod":1,"minecraft:cooked_chicken":13,"minecraft:birch_slab":138,"minecraft:furnace":5,"minecraft:blast_furnace":1,"minecraft:stone":8,"minecraft:cooked_mutton":30,"minecraft:iron_boots":1,"minecraft:iron_axe":1,"minecraft:stone_pickaxe":8,"minecraft:chest":4,"minecraft:oak_fence":18,"minecraft:smoker":1,"minecraft:cooked_beef":22,"minecraft:cooked_cod":2,"minecraft:oak_slab":6,"minecraft:cooked_porkchop":32,"minecraft:crafting_table":3,"minecraft:iron_helmet":1,"minecraft:wooden_pickaxe":3,"minecraft:iron_sword":1,"minecraft:bucket":1,"minecraft:birch_planks":636,"minecraft:stone_axe":12,"minecraft:air":0,"minecraft:iron_chestplate":3,"minecraft:shield":2,"minecraft:stick":180,"minecraft:iron_ingot":90,"minecraft:iron_pickaxe":2,"minecraft:oak_stairs":44,"minecraft:stone_sword":3,"minecraft:iron_shovel":1,"minecraft:iron_leggings":2,"minecraft:gold_ingot":9,"minecraft:white_bed":1,"minecraft:torch":424,"minecraft:birch_stairs":60},"minecraft:picked_up":{"minecraft:crafting_table":14,"minecraft:chicken":15,"minecraft:oak_stairs":75,"minecraft:string":16,"minecraft:pufferfish":2,"minecraft:cobbled_deepslate":11,"minecraft:beef":31,"minecraft:light_gray_wool":2,"minecraft:sugar_cane":6,"minecraft:birch_sapling":12,"minecraft:furnace":5,"minecraft:egg":6,"minecraft:stick":76,"minecraft:raw_iron":92,"minecraft:oak_fence":12,"minecraft:torch":47,"minecraft:acacia_log":4,"minecraft:porkchop":32,"minecraft:cherry_log":10,"minecraft:pointed_dripstone":6,"minecraft:redstone":33,"minecraft:orange_bed":8,"minecraft:arrow":9,"minecraft:rotten_flesh":21,"minecraft:stone_shovel":1,"minecraft:peony":1,"minecraft:mutton":32,"minecraft:rail":4,"minecraft:cod":11,"minecraft:white_wool":20,"minecraft:cobblestone":478,"minecraft:birch_log":163,"minecraft:pink_petals":4,"minecraft:feather":11,"minecraft:cooked_beef":3,"minecraft:andesite":2,"minecraft:birch_slab":34,"minecraft:salmon":3,"minecraft:leather":16,"minecraft:birch_planks":20,"minecraft:tuff":3,"minecraft:oak_log":628,"minecraft:lapis_lazuli":71,"minecraft:dirt":1236,"minecraft:leather_boots":1,"minecraft:bone":9,"minecraft:apple":11,"minecraft:wheat_seeds":52,"minecraft:raw_gold":9,"minecraft:iron_ingot":1,"minecraft:cooked_chicken":1,"minecraft:moss_block":1,"minecraft:flowering_azalea":1,"minecraft:oak_planks":63,"minecraft:oak_slab":10,"minecraft:cooked_porkchop":3,"minecraft:pumpkin":1,"minecraft:dripstone_block":5,"minecraft:gravel":10,"minecraft:birch_stairs":8,"minecraft:sand":34,"minecraft:white_bed":5,"minecraft:spider_eye":3,"minecraft:diamond":11,"minecraft:stone_axe":2,"minecraft:granite":7,"minecraft:cherry_sapling":3,"minecraft:bread":32,"minecraft:oak_sapling":76,"minecraft:coal":551},"minecraft:used":{"minecraft:oak_fence":18,"minecraft:stone_sword":177,"minecraft:iron_shovel":68,"minecraft:stone_shovel":1234,"minecraft:chest":4,"minecraft:shield":14,"minecraft:iron_sword":66,"minecraft:cooked_chicken":1,"minecraft:iron_chestplate":1,"minecraft:orange_bed":8,"minecraft:torch":379,"minecraft:dirt":552,"minecraft:tuff":3,"minecraft:granite":1,"minecraft:iron_axe":101,"minecraft:oak_stairs":40,"minecraft:iron_helmet":1,"minecraft:iron_boots":1,"minecraft:oak_sapling":61,"minecraft:furnace":7,"minecraft:egg":5,"minecraft:cooked_beef":24,"minecraft:cobbled_deepslate":11,"minecraft:iron_leggings":2,"minecraft:cooked_mutton":16,"minecraft:water_bucket":16,"minecraft:birch_planks":230,"minecraft:stone_pickaxe":654,"minecraft:oak_planks":131,"minecraft:wooden_pickaxe":177,"minecraft:oak_slab":10,"minecraft:crafting_table":16,"minecraft:blast_furnace":1,"minecraft:white_bed":3,"minecraft:dripstone_block":5,"minecraft:smoker":1,"minecraft:oak_log":325,"minecraft:bread":32,"minecraft:birch_slab":172,"minecraft:iron_pickaxe":361,"minecraft:gravel":1,"minecraft:stone_axe":925,"minecraft:fishing_rod":25,"minecraft:cobblestone":146,"minecraft:cooked_porkchop":10,"minecraft:bucket":17,"minecraft:birch_stairs":48}},"DataVersion":3955}