{"stats":{"minecraft:used":{"minecraft:stone_sword":177,"minecraft:iron_shovel":66,"minecraft:stone_shovel":11,"minecraft:chest":3,"minecraft:shield":14,"minecraft:iron_sword":66,"minecraft:cooked_chicken":1,"minecraft:iron_chestplate":1,"minecraft:orange_bed":6,"minecraft:torch":277,"minecraft:dirt":67,"minecraft:tuff":3,"minecraft:granite":1,"minecraft:iron_axe":48,"minecraft:iron_helmet":1,"minecraft:iron_boots":1,"minecraft:furnace":7,"minecraft:egg":5,"minecraft:cooked_beef":11,"minecraft:cobbled_deepslate":11,"minecraft:iron_leggings":2,"minecraft:cooked_mutton":3,"minecraft:stone_pickaxe":523,"minecraft:wooden_pickaxe":177,"minecraft:crafting_table":14,"minecraft:blast_furnace":1,"minecraft:white_bed":3,"minecraft:dripstone_block":5,"minecraft:smoker":1,"minecraft:bread":32,"minecraft:iron_pickaxe":192,"minecraft:gravel":1,"minecraft:stone_axe":463,"minecraft:fishing_rod":25,"minecraft:cobblestone":146,"minecraft:cooked_porkchop":10},"minecraft:picked_up":{"minecraft:crafting_table":12,"minecraft:chicken":15,"minecraft:string":16,"minecraft:pufferfish":2,"minecraft:cobbled_deepslate":11,"minecraft:beef":31,"minecraft:light_gray_wool":2,"minecraft:sugar_cane":6,"minecraft:birch_sapling":4,"minecraft:furnace":5,"minecraft:egg":5,"minecraft:stick":43,"minecraft:raw_iron":88,"minecraft:oak_fence":12,"minecraft:torch":35,"minecraft:porkchop":32,"minecraft:cherry_log":10,"minecraft:pointed_dripstone":6,"minecraft:redstone":33,"minecraft:orange_bed":6,"minecraft:arrow":9,"minecraft:rotten_flesh":21,"minecraft:peony":1,"minecraft:cobblestone":396,"minecraft:rail":4,"minecraft:mutton":32,"minecraft:cod":11,"minecraft:white_wool":20,"minecraft:birch_log":52,"minecraft:pink_petals":4,"minecraft:feather":11,"minecraft:cooked_beef":2,"minecraft:andesite":2,"minecraft:salmon":3,"minecraft:leather":16,"minecraft:tuff":3,"minecraft:oak_log":410,"minecraft:lapis_lazuli":71,"minecraft:dirt":86,"minecraft:leather_boots":1,"minecraft:bone":9,"minecraft:apple":5,"minecraft:wheat_seeds":13,"minecraft:raw_gold":9,"minecraft:iron_ingot":1,"minecraft:cooked_chicken":1,"minecraft:moss_block":1,"minecraft:flowering_azalea":1,"minecraft:oak_planks":1,"minecraft:cooked_porkchop":3,"minecraft:pumpkin":1,"minecraft:gravel":7,"minecraft:dripstone_block":5,"minecraft:white_bed":5,"minecraft:spider_eye":3,"minecraft:diamond":11,"minecraft:stone_axe":1,"minecraft:granite":7,"minecraft:cherry_sapling":3,"minecraft:bread":32,"minecraft:oak_sapling":50,"minecraft:coal":352},"minecraft:dropped":{"minecraft:wheat_seeds":9,"minecraft:cobblestone":67,"minecraft:rail":3,"minecraft:flowering_azalea":1,"minecraft:redstone":4,"minecraft:stone_axe":1,"minecraft:birch_sapling":1,"minecraft:rotten_flesh":15,"minecraft:white_bed":2,"minecraft:iron_chestplate":1},"minecraft:killed":{"minecraft:cave_spider":2,"minecraft:spider":3,"minecraft:cod":2,"minecraft:skeleton":4,"minecraft:chicken":15,"minecraft:pig":16,"minecraft:sheep":23,"minecraft:zombie":12,"minecraft:cow":17},"minecraft:custom":{"minecraft:mob_kills":95,"minecraft:interact_with_crafting_table":68,"minecraft:leave_game":3,"minecraft:time_since_death":200343,"minecraft:sprint_one_cm":455010,"minecraft:walk_one_cm":424929,"minecraft:damage_blocked_by_shield":1048,"minecraft:drop":23,"minecraft:play_time":266639,"minecraft:deaths":4,"minecraft:sneak_time":8504,"minecraft:walk_under_water_one_cm":11048,"minecraft:boat_one_cm":30051,"minecraft:jump":4448,"minecraft:interact_with_blast_furnace":8,"minecraft:walk_on_water_one_cm":33096,"minecraft:total_world_time":266639,"minecraft:interact_with_furnace":110,"minecraft:sleep_in_bed":14,"minecraft:time_since_rest":9158,"minecraft:damage_taken":3861,"minecraft:damage_dealt":10044,"minecraft:swim_one_cm":54210,"minecraft:fly_one_cm":747456,"minecraft:open_chest":28,"minecraft:crouch_one_cm":15189,"minecraft:interact_with_smoker":23,"minecraft:fish_caught":14,"minecraft:fall_one_cm":92360},"minecraft:mined":{"minecraft:tuff":3,"minecraft:white_bed":4,"minecraft:deepslate_diamond_ore":8,"minecraft:cherry_log":10,"minecraft:glow_lichen":1,"minecraft:granite":6,"minecraft:grass_block":28,"minecraft:moss_block":1,"minecraft:furnace":6,"minecraft:iron_ore":69,"minecraft:andesite":2,"minecraft:pumpkin":1,"minecraft:deepslate_lapis_ore":9,"minecraft:peony":1,"minecraft:pointed_dripstone":4,"minecraft:deepslate_iron_ore":21,"minecraft:stone":366,"minecraft:orange_bed":6,"minecraft:deepslate_redstone_ore":6,"minecraft:flowering_azalea":1,"minecraft:oak_fence":9,"minecraft:crafting_table":11,"minecraft:torch":19,"minecraft:short_grass":34,"minecraft:tall_grass":26,"minecraft:cobblestone":9,"minecraft:deepslate_gold_ore":9,"minecraft:sugar_cane":3,"minecraft:wall_torch":16,"minecraft:pink_petals":1,"minecraft:birch_log":52,"minecraft:birch_leaves":14,"minecraft:oak_log":419,"minecraft:coal_ore":354,"minecraft:cherry_leaves":4,"minecraft:gravel":11,"minecraft:dripstone_block":5,"minecraft:dirt":69,"minecraft:cobweb":6,"minecraft:oak_leaves":48,"minecraft:deepslate":9},"minecraft:killed_by":{"minecraft:creeper":1,"minecraft:skeleton":2,"minecraft:witch":1},"minecraft:crafted":{"minecraft:cherry_planks":12,"minecraft:smooth_stone":8,"minecraft:stone_shovel":1,"minecraft:fishing_rod":1,"minecraft:cooked_chicken":13,"minecraft:furnace":5,"minecraft:blast_furnace":1,"minecraft:stone":8,"minecraft:cooked_mutton":30,"minecraft:iron_boots":1,"minecraft:iron_axe":1,"minecraft:stone_pickaxe":7,"minecraft:chest":3,"minecraft:smoker":1,"minecraft:cooked_beef":22,"minecraft:cooked_cod":2,"minecraft:cooked_porkchop":32,"minecraft:crafting_table":3,"minecraft:wooden_pickaxe":3,"minecraft:iron_helmet":1,"minecraft:iron_sword":1,"minecraft:birch_planks":192,"minecraft:stone_axe":12,"minecraft:air":0,"minecraft:iron_chestplate":3,"minecraft:shield":2,"minecraft:stick":180,"minecraft:iron_ingot":90,"minecraft:iron_pickaxe":2,"minecraft:stone_sword":3,"minecraft:iron_leggings":2,"minecraft:iron_shovel":1,"minecraft:gold_ingot":9,"minecraft:white_bed":1,"minecraft:torch":424},"minecraft:broken":{"minecraft:stone_sword":1,"minecraft:wooden_pickaxe":3,"minecraft:stone_pickaxe":3,"minecraft:stone_axe":3}},"DataVersion":3955}