{"stats":{"minecraft:used":{"minecraft:peony":5,"minecraft:iron_shovel":527,"minecraft:ladder":12,"minecraft:poppy":206,"minecraft:oak_sign":14,"minecraft:shield":30,"minecraft:chest":66,"minecraft:iron_sword":260,"minecraft:bell":1,"minecraft:iron_chestplate":1,"minecraft:tuff":3,"minecraft:lava_bucket":3,"minecraft:lantern":10,"minecraft:birch_sapling":36,"minecraft:iron_helmet":1,"minecraft:stone_bricks":297,"minecraft:item_frame":16,"minecraft:birch_button":3,"minecraft:magma_block":1,"minecraft:bow":21,"minecraft:oak_sapling":303,"minecraft:furnace":18,"minecraft:cooked_cod":9,"minecraft:gray_bed":1,"minecraft:acacia_fence":12,"minecraft:egg":11,"minecraft:potato":13,"minecraft:diorite":17,"minecraft:stone_pickaxe":1314,"minecraft:oak_planks":599,"minecraft:wooden_pickaxe":177,"minecraft:composter":58,"minecraft:sugar_cane":63,"minecraft:sand":3,"minecraft:blast_furnace":4,"minecraft:dripstone_block":5,"minecraft:birch_fence":51,"minecraft:acacia_door":1,"minecraft:birch_slab":188,"minecraft:melon_slice":8,"minecraft:bread":45,"minecraft:lectern":3,"minecraft:gravel":1,"minecraft:diamond_sword":181,"minecraft:grindstone":4,"minecraft:smithing_table":7,"minecraft:birch_log":1,"minecraft:oak_boat":2,"minecraft:bone_meal":76,"minecraft:oak_fence":169,"minecraft:oak_trapdoor":94,"minecraft:rose_bush":1,"minecraft:enchanting_table":1,"minecraft:stone_sword":177,"minecraft:armor_stand":2,"minecraft:stone_shovel":5726,"minecraft:cooked_salmon":14,"minecraft:cooked_chicken":23,"minecraft:netherrack":9,"minecraft:orange_bed":20,"minecraft:torch":657,"minecraft:dirt":4292,"minecraft:anvil":2,"minecraft:wheat":1,"minecraft:hopper":1,"minecraft:granite":30,"minecraft:oak_fence_gate":25,"minecraft:iron_hoe":148,"minecraft:stone_brick_slab":3,"minecraft:wooden_axe":31,"minecraft:bookshelf":27,"minecraft:birch_chest_boat":2,"minecraft:iron_axe":502,"minecraft:oak_stairs":624,"minecraft:iron_boots":1,"minecraft:barrel":50,"minecraft:cooked_beef":33,"minecraft:cobbled_deepslate":11,"minecraft:acacia_planks":31,"minecraft:iron_leggings":2,"minecraft:wheat_seeds":1723,"minecraft:cooked_mutton":55,"minecraft:water_bucket":214,"minecraft:birch_planks":735,"minecraft:birch_boat":61,"minecraft:cauldron":15,"minecraft:cobblestone_slab":18,"minecraft:crafting_table":39,"minecraft:oak_slab":148,"minecraft:red_bed":7,"minecraft:white_bed":14,"minecraft:smoker":7,"minecraft:oak_log":1083,"minecraft:flower_pot":3,"minecraft:acacia_stairs":2,"minecraft:diamond_pickaxe":140,"minecraft:apple":1,"minecraft:sunflower":1,"minecraft:iron_pickaxe":559,"minecraft:oak_button":4,"minecraft:stone_axe":3314,"minecraft:pink_petals":4,"minecraft:fishing_rod":25,"minecraft:cobblestone":278,"minecraft:cooked_porkchop":74,"minecraft:bucket":229,"minecraft:glass_pane":255,"minecraft:birch_stairs":577},"minecraft:picked_up":{"minecraft:iron_chestplate":1,"minecraft:wheat":589,"minecraft:anvil":1,"minecraft:flower_pot":2,"minecraft:smithing_table":7,"minecraft:lead":35,"minecraft:diamond_sword":3,"minecraft:oak_stairs":335,"minecraft:enchanted_book":1,"minecraft:golden_sword":1,"minecraft:amethyst_block":2,"minecraft:string":41,"minecraft:raw_copper":20,"minecraft:smooth_stone_slab":4,"minecraft:iron_leggings":1,"minecraft:orange_glazed_terracotta":1,"minecraft:pufferfish":8,"minecraft:oak_sign":5,"minecraft:diamond_leggings":1,"minecraft:cobbled_deepslate":54,"minecraft:smooth_stone":8,"minecraft:spruce_planks":4,"minecraft:red_dye":2,"minecraft:rose_bush":16,"minecraft:cobblestone_slab":5,"minecraft:iron_pickaxe":1,"minecraft:melon_slice":171,"minecraft:iron_boots":1,"minecraft:furnace":17,"minecraft:stick":273,"minecraft:acacia_fence":23,"minecraft:composter":57,"minecraft:oak_fence":88,"minecraft:torch":275,"minecraft:acacia_log":46,"minecraft:porkchop":64,"minecraft:cherry_log":10,"minecraft:pointed_dripstone":30,"minecraft:diorite":18,"minecraft:cauldron":11,"minecraft:orange_bed":22,"minecraft:rotten_flesh":88,"minecraft:armadillo_scute":2,"minecraft:obsidian":26,"minecraft:cod":20,"minecraft:cobblestone":931,"minecraft:birch_log":534,"minecraft:magma_block":4,"minecraft:pink_petals":8,"minecraft:feather":31,"minecraft:cooked_beef":5,"minecraft:birch_slab":114,"minecraft:cherry_planks":10,"minecraft:water_bucket":6,"minecraft:andesite":2,"minecraft:smoker":2,"minecraft:flint":5,"minecraft:tuff":3,"minecraft:lantern":1,"minecraft:lapis_lazuli":236,"minecraft:dirt":5663,"minecraft:name_tag":1,"minecraft:leather_boots":2,"minecraft:bone":37,"minecraft:acacia_planks":7,"minecraft:bow":3,"minecraft:wheat_seeds":1934,"minecraft:raw_gold":69,"minecraft:bell":1,"minecraft:grindstone":7,"minecraft:diamond_helmet":1,"minecraft:moss_block":1,"minecraft:oak_planks":259,"minecraft:cooked_porkchop":17,"minecraft:sand":217,"minecraft:melon":18,"minecraft:grass_block":1,"minecraft:lily_of_the_valley":10,"minecraft:acacia_stairs":7,"minecraft:barrel":46,"minecraft:iron_hoe":2,"minecraft:diamond":61,"minecraft:crossbow":1,"minecraft:granite":36,"minecraft:bone_meal":83,"minecraft:emerald":1,"minecraft:bread":33,"minecraft:oak_sapling":387,"minecraft:netherrack":37,"minecraft:diamond_pickaxe":7,"minecraft:fishing_rod":2,"minecraft:crafting_table":32,"minecraft:azure_bluet":1,"minecraft:ominous_bottle":1,"minecraft:chicken":30,"minecraft:ladder":3,"minecraft:clay_ball":138,"minecraft:golden_pickaxe":1,"minecraft:brown_mushroom":1,"minecraft:shield":1,"minecraft:red_bed":5,"minecraft:oak_trapdoor":62,"minecraft:iron_axe":1,"minecraft:acacia_door":6,"minecraft:item_frame":7,"minecraft:birch_fence":46,"minecraft:beef":183,"minecraft:oak_boat":1,"minecraft:iron_nugget":7,"minecraft:poppy":12,"minecraft:light_gray_wool":4,"minecraft:lectern":3,"minecraft:sugar_cane":223,"minecraft:chest":41,"minecraft:birch_sapling":100,"minecraft:egg":17,"minecraft:raw_iron":114,"minecraft:redstone":258,"minecraft:stone_shovel":7,"minecraft:arrow":32,"minecraft:diamond_chestplate":1,"minecraft:peony":16,"minecraft:diamond_boots":1,"minecraft:saddle":1,"minecraft:gold_ingot":36,"minecraft:glow_berries":6,"minecraft:mutton":62,"minecraft:rail":275,"minecraft:white_wool":49,"minecraft:oxeye_daisy":2,"minecraft:golden_carrot":11,"minecraft:salmon":27,"minecraft:leather":122,"minecraft:acacia_wood":9,"minecraft:birch_planks":158,"minecraft:oak_log":1797,"minecraft:white_banner":1,"minecraft:cooked_mutton":2,"minecraft:apple":120,"minecraft:stone_bricks":233,"minecraft:iron_ingot":85,"minecraft:oak_fence_gate":10,"minecraft:stone_pickaxe":1,"minecraft:cooked_chicken":12,"minecraft:flowering_azalea":1,"minecraft:book":69,"minecraft:oak_slab":138,"minecraft:birch_boat":62,"minecraft:pumpkin":4,"minecraft:sweet_berries":64,"minecraft:stone_brick_slab":1,"minecraft:dandelion":1,"minecraft:dripstone_block":5,"minecraft:gravel":36,"minecraft:birch_stairs":207,"minecraft:amethyst_shard":24,"minecraft:spruce_sapling":3,"minecraft:blast_furnace":3,"minecraft:white_bed":18,"minecraft:spruce_log":14,"minecraft:spider_eye":9,"minecraft:stone_axe":12,"minecraft:iron_helmet":1,"minecraft:cherry_sapling":3,"minecraft:gray_wool":3,"minecraft:oak_button":1,"minecraft:brown_banner":1,"minecraft:melon_seeds":4,"minecraft:coal":1330,"minecraft:sunflower":7},"minecraft:dropped":{"minecraft:brown_mushroom":1,"minecraft:acacia_wood":3,"minecraft:birch_planks":86,"minecraft:cooked_beef":1,"minecraft:oak_log":55,"minecraft:rail":3,"minecraft:birch_slab":72,"minecraft:dirt":326,"minecraft:sunflower":2,"minecraft:sand":2,"minecraft:acacia_door":4,"minecraft:birch_stairs":1,"minecraft:gravel":3,"minecraft:stone_axe":9,"minecraft:iron_nugget":7,"minecraft:pointed_dripstone":6,"minecraft:wheat":11,"minecraft:birch_sapling":1,"minecraft:obsidian":1,"minecraft:rotten_flesh":58,"minecraft:oak_planks":2,"minecraft:cooked_mutton":2,"minecraft:white_bed":5,"minecraft:poppy":568,"minecraft:chest":1,"minecraft:egg":5,"minecraft:bread":70,"minecraft:oak_slab":63,"minecraft:wheat_seeds":121,"minecraft:cobblestone":67,"minecraft:apple":33,"minecraft:stick":14,"minecraft:diorite":1,"minecraft:torch":37,"minecraft:rose_bush":5,"minecraft:melon_slice":1,"minecraft:oak_stairs":51,"minecraft:armadillo_scute":3,"minecraft:flowering_azalea":1,"minecraft:iron_axe":1,"minecraft:orange_bed":1,"minecraft:string":2,"minecraft:acacia_planks":3,"minecraft:redstone":4,"minecraft:stone_shovel":4,"minecraft:clay_ball":45,"minecraft:lily_of_the_valley":4,"minecraft:potato":4,"minecraft:cobblestone_slab":2,"minecraft:peony":6,"minecraft:iron_chestplate":1,"minecraft:oak_sapling":2,"minecraft:bow":2,"minecraft:birch_boat":1,"minecraft:stone_pickaxe":1},"minecraft:killed":{"minecraft:cave_spider":2,"minecraft:witch":1,"minecraft:spider":11,"minecraft:cod":2,"minecraft:skeleton":9,"minecraft:chicken":26,"minecraft:pig":29,"minecraft:salmon":18,"minecraft:iron_golem":2,"minecraft:creeper":1,"minecraft:sheep":36,"minecraft:trader_llama":5,"minecraft:pillager":3,"minecraft:zombie":21,"minecraft:cow":93,"minecraft:drowned":2,"minecraft:villager":1,"minecraft:enderman":1},"minecraft:custom":{"minecraft:animals_bred":68,"minecraft:interact_with_crafting_table":323,"minecraft:open_barrel":11,"minecraft:bell_ring":51,"minecraft:leave_game":28,"minecraft:time_since_death":2301458,"minecraft:sprint_one_cm":2997016,"minecraft:damage_blocked_by_shield":1465,"minecraft:drop":242,"minecraft:talked_to_villager":50,"minecraft:play_time":2367754,"minecraft:deaths":4,"minecraft:jump":29577,"minecraft:walk_on_water_one_cm":317989,"minecraft:enchant_item":2,"minecraft:interact_with_furnace":189,"minecraft:sleep_in_bed":134,"minecraft:damage_dealt":27307,"minecraft:crouch_one_cm":232844,"minecraft:interact_with_smoker":81,"minecraft:interact_with_smithing_table":6,"minecraft:mob_kills":272,"minecraft:inspect_hopper":1,"minecraft:climb_one_cm":63837,"minecraft:walk_one_cm":3554966,"minecraft:sneak_time":138320,"minecraft:walk_under_water_one_cm":73682,"minecraft:boat_one_cm":1219852,"minecraft:interact_with_blast_furnace":13,"minecraft:total_world_time":2367754,"minecraft:pot_flower":1,"minecraft:interact_with_grindstone":3,"minecraft:time_since_rest":4269,"minecraft:damage_taken":10271,"minecraft:swim_one_cm":374360,"minecraft:fly_one_cm":5563337,"minecraft:open_chest":741,"minecraft:fish_caught":14,"minecraft:fall_one_cm":538675},"minecraft:mined":{"minecraft:spruce_planks":4,"minecraft:farmland":3,"minecraft:white_bed":14,"minecraft:oak_sapling":2,"minecraft:cherry_log":10,"minecraft:obsidian":24,"minecraft:granite":36,"minecraft:acacia_log":42,"minecraft:grass_block":2519,"minecraft:composter":57,"minecraft:oak_wall_sign":1,"minecraft:oxeye_daisy":1,"minecraft:smooth_stone":1,"minecraft:tall_seagrass":3,"minecraft:magma_block":5,"minecraft:fire":1,"minecraft:iron_ore":87,"minecraft:barrel":47,"minecraft:pumpkin":1,"minecraft:anvil":1,"minecraft:deepslate_lapis_ore":9,"minecraft:azure_bluet":1,"minecraft:pointed_dripstone":4,"minecraft:water_cauldron":2,"minecraft:dirt_path":43,"minecraft:oak_stairs":314,"minecraft:orange_bed":21,"minecraft:brown_mushroom":1,"minecraft:deepslate_redstone_ore":6,"minecraft:red_bed":5,"minecraft:smoker":2,"minecraft:clay":15,"minecraft:torch":93,"minecraft:blast_furnace":3,"minecraft:poppy":10,"minecraft:melon":35,"minecraft:chest":40,"minecraft:cobblestone":39,"minecraft:oak_planks":259,"minecraft:grindstone":9,"minecraft:sugar_cane":138,"minecraft:wall_torch":49,"minecraft:cauldron":9,"minecraft:pink_petals":1,"minecraft:birch_log":522,"minecraft:wheat":681,"minecraft:brown_wall_banner":1,"minecraft:oak_log":1729,"minecraft:oak_fence_gate":10,"minecraft:acacia_fence":24,"minecraft:sand":191,"minecraft:dirt":3060,"minecraft:netherrack":40,"minecraft:oak_leaves":383,"minecraft:deepslate":9,"minecraft:tuff":3,"minecraft:deepslate_diamond_ore":8,"minecraft:glow_lichen":1,"minecraft:ladder":3,"minecraft:birch_slab":37,"minecraft:spruce_leaves":32,"minecraft:acacia_slab":1,"minecraft:moss_block":1,"minecraft:large_fern":3,"minecraft:oak_trapdoor":62,"minecraft:furnace":17,"minecraft:acacia_wood":10,"minecraft:acacia_stairs":8,"minecraft:andesite":2,"minecraft:peony":8,"minecraft:bell":1,"minecraft:bookshelf":23,"minecraft:cobblestone_slab":6,"minecraft:deepslate_iron_ore":21,"minecraft:stone":886,"minecraft:orange_glazed_terracotta":1,"minecraft:podzol":1,"minecraft:smithing_table":7,"minecraft:oak_slab":62,"minecraft:birch_stairs":213,"minecraft:flowering_azalea":1,"minecraft:glass_pane":67,"minecraft:lily_of_the_valley":7,"minecraft:stone_brick_slab":1,"minecraft:dandelion":2,"minecraft:oak_fence":69,"minecraft:crafting_table":31,"minecraft:short_grass":1080,"minecraft:rose_bush":6,"minecraft:lectern":3,"minecraft:copper_ore":3,"minecraft:tall_grass":185,"minecraft:deepslate_gold_ore":9,"minecraft:diorite":22,"minecraft:birch_planks":101,"minecraft:sweet_berry_bush":29,"minecraft:spruce_log":15,"minecraft:birch_leaves":75,"minecraft:coal_ore":650,"minecraft:dripstone_block":5,"minecraft:cherry_leaves":4,"minecraft:sunflower":2,"minecraft:gravel":39,"minecraft:flower_pot":2,"minecraft:acacia_door":4,"minecraft:cobweb":6,"minecraft:acacia_planks":7,"minecraft:stone_bricks":235,"minecraft:birch_fence":46,"minecraft:fern":1},"minecraft:killed_by":{"minecraft:creeper":1,"minecraft:witch":1,"minecraft:skeleton":2},"minecraft:crafted":{"minecraft:brick":3,"minecraft:smooth_stone":8,"minecraft:oak_planks":2008,"minecraft:barrel":6,"minecraft:cobblestone_slab":12,"minecraft:oak_sign":9,"minecraft:melon":18,"minecraft:birch_boat":3,"minecraft:cooked_chicken":24,"minecraft:birch_slab":186,"minecraft:stone":158,"minecraft:bookshelf":30,"minecraft:cooked_mutton":59,"minecraft:glass":107,"minecraft:hopper":1,"minecraft:stone_brick_slab":6,"minecraft:bow":1,"minecraft:iron_boots":1,"minecraft:chest":28,"minecraft:oak_button":3,"minecraft:birch_button":4,"minecraft:stone_bricks":120,"minecraft:oak_fence":117,"minecraft:gray_bed":1,"minecraft:flower_pot":1,"minecraft:smoker":5,"minecraft:dropper":1,"minecraft:item_frame":13,"minecraft:oak_slab":264,"minecraft:arrow":20,"minecraft:cauldron":4,"minecraft:cooked_porkchop":59,"minecraft:crafting_table":9,"minecraft:acacia_slab":18,"minecraft:wooden_pickaxe":3,"minecraft:iron_helmet":1,"minecraft:birch_planks":1823,"minecraft:book":28,"minecraft:iron_chestplate":3,"minecraft:paper":84,"minecraft:shield":2,"minecraft:birch_fence":78,"minecraft:stick":500,"minecraft:iron_ingot":149,"minecraft:iron_pickaxe":2,"minecraft:iron_block":6,"minecraft:stone_sword":3,"minecraft:acacia_door":3,"minecraft:gold_ingot":9,"minecraft:redstone_torch":2,"minecraft:composter":1,"minecraft:birch_stairs":412,"minecraft:cherry_planks":12,"minecraft:stone_shovel":51,"minecraft:fishing_rod":1,"minecraft:smooth_stone_slab":6,"minecraft:iron_nugget":216,"minecraft:furnace":9,"minecraft:blast_furnace":1,"minecraft:glass_pane":272,"minecraft:oak_trapdoor":32,"minecraft:lantern":9,"minecraft:iron_axe":2,"minecraft:ladder":9,"minecraft:spruce_slab":6,"minecraft:birch_chest_boat":2,"minecraft:stone_pickaxe":13,"minecraft:minecart":1,"minecraft:cooked_beef":94,"minecraft:red_dye":4,"minecraft:cooked_cod":11,"minecraft:enchanting_table":1,"minecraft:activator_rail":6,"minecraft:iron_sword":1,"minecraft:red_bed":2,"minecraft:cooked_salmon":14,"minecraft:bucket":22,"minecraft:stone_axe":31,"minecraft:bread":80,"minecraft:air":0,"minecraft:oak_boat":1,"minecraft:oak_fence_gate":23,"minecraft:white_dye":1,"minecraft:wooden_axe":1,"minecraft:oak_stairs":436,"minecraft:iron_shovel":2,"minecraft:iron_leggings":2,"minecraft:armor_stand":2,"minecraft:anvil":1,"minecraft:white_bed":4,"minecraft:acacia_planks":60,"minecraft:torch":504},"minecraft:broken":{"minecraft:iron_shovel":2,"minecraft:stone_pickaxe":9,"minecraft:stone_axe":25,"minecraft:iron_sword":1,"minecraft:stone_shovel":40,"minecraft:stone_sword":1,"minecraft:wooden_pickaxe":3,"minecraft:iron_axe":2,"minecraft:iron_pickaxe":2}},"DataVersion":3955}