{"stats":{"minecraft:killed_by":{"minecraft:creeper":1,"minecraft:skeleton":2,"minecraft:witch":1},"minecraft:dropped":{"minecraft:wheat_seeds":9,"minecraft:cobblestone":67,"minecraft:rail":3,"minecraft:flowering_azalea":1,"minecraft:redstone":4,"minecraft:stone_axe":1,"minecraft:birch_sapling":1,"minecraft:rotten_flesh":15,"minecraft:white_bed":2,"minecraft:iron_chestplate":1},"minecraft:broken":{"minecraft:wooden_pickaxe":3,"minecraft:stone_pickaxe":3},"minecraft:used":{"minecraft:stone_sword":103,"minecraft:stone_shovel":11,"minecraft:chest":1,"minecraft:shield":8,"minecraft:iron_sword":58,"minecraft:cooked_chicken":1,"minecraft:iron_chestplate":1,"minecraft:orange_bed":6,"minecraft:torch":239,"minecraft:dirt":18,"minecraft:tuff":3,"minecraft:granite":1,"minecraft:iron_helmet":1,"minecraft:iron_boots":1,"minecraft:furnace":7,"minecraft:egg":1,"minecraft:cooked_beef":3,"minecraft:cobbled_deepslate":11,"minecraft:iron_leggings":2,"minecraft:cooked_mutton":3,"minecraft:stone_pickaxe":523,"minecraft:wooden_pickaxe":177,"minecraft:crafting_table":14,"minecraft:blast_furnace":1,"minecraft:white_bed":3,"minecraft:dripstone_block":5,"minecraft:smoker":1,"minecraft:bread":21,"minecraft:iron_pickaxe":87,"minecraft:gravel":1,"minecraft:stone_axe":90,"minecraft:cobblestone":144,"minecraft:cooked_porkchop":10},"minecraft:custom":{"minecraft:mob_kills":51,"minecraft:interact_with_crafting_table":54,"minecraft:leave_game":2,"minecraft:time_since_death":120811,"minecraft:sprint_one_cm":263798,"minecraft:walk_one_cm":293009,"minecraft:damage_blocked_by_shield":673,"minecraft:drop":23,"minecraft:play_time":187107,"minecraft:deaths":4,"minecraft:sneak_time":6730,"minecraft:walk_under_water_one_cm":10790,"minecraft:boat_one_cm":30051,"minecraft:jump":2853,"minecraft:interact_with_blast_furnace":5,"minecraft:walk_on_water_one_cm":26468,"minecraft:total_world_time":187107,"minecraft:interact_with_furnace":110,"minecraft:sleep_in_bed":7,"minecraft:time_since_rest":5704,"minecraft:damage_taken":3204,"minecraft:damage_dealt":6570,"minecraft:swim_one_cm":51211,"minecraft:fly_one_cm":427029,"minecraft:open_chest":8,"minecraft:crouch_one_cm":12032,"minecraft:interact_with_smoker":5,"minecraft:fall_one_cm":58316},"minecraft:mined":{"minecraft:tuff":3,"minecraft:white_bed":4,"minecraft:deepslate_diamond_ore":8,"minecraft:glow_lichen":1,"minecraft:granite":6,"minecraft:grass_block":5,"minecraft:moss_block":1,"minecraft:furnace":6,"minecraft:iron_ore":66,"minecraft:andesite":2,"minecraft:pumpkin":1,"minecraft:deepslate_lapis_ore":9,"minecraft:pointed_dripstone":4,"minecraft:deepslate_iron_ore":21,"minecraft:stone":351,"minecraft:orange_bed":6,"minecraft:deepslate_redstone_ore":6,"minecraft:flowering_azalea":1,"minecraft:oak_fence":9,"minecraft:crafting_table":11,"minecraft:torch":17,"minecraft:short_grass":17,"minecraft:cobblestone":9,"minecraft:tall_grass":15,"minecraft:deepslate_gold_ore":9,"minecraft:wall_torch":16,"minecraft:birch_log":52,"minecraft:birch_leaves":12,"minecraft:oak_log":35,"minecraft:coal_ore":268,"minecraft:gravel":11,"minecraft:dripstone_block":5,"minecraft:dirt":20,"minecraft:cobweb":6,"minecraft:oak_leaves":1,"minecraft:deepslate":9},"minecraft:picked_up":{"minecraft:crafting_table":12,"minecraft:chicken":2,"minecraft:string":16,"minecraft:cobbled_deepslate":11,"minecraft:beef":10,"minecraft:light_gray_wool":1,"minecraft:birch_sapling":4,"minecraft:furnace":5,"minecraft:egg":1,"minecraft:raw_iron":86,"minecraft:stick":4,"minecraft:oak_fence":12,"minecraft:torch":33,"minecraft:porkchop":29,"minecraft:pointed_dripstone":6,"minecraft:redstone":33,"minecraft:orange_bed":6,"minecraft:arrow":7,"minecraft:rotten_flesh":19,"minecraft:white_wool":7,"minecraft:mutton":11,"minecraft:cod":2,"minecraft:rail":4,"minecraft:cobblestone":383,"minecraft:birch_log":52,"minecraft:feather":2,"minecraft:cooked_beef":2,"minecraft:andesite":2,"minecraft:leather":5,"minecraft:tuff":3,"minecraft:oak_log":35,"minecraft:lapis_lazuli":71,"minecraft:dirt":24,"minecraft:bone":9,"minecraft:wheat_seeds":11,"minecraft:raw_gold":9,"minecraft:iron_ingot":1,"minecraft:cooked_chicken":1,"minecraft:moss_block":1,"minecraft:oak_planks":1,"minecraft:flowering_azalea":1,"minecraft:cooked_porkchop":3,"minecraft:pumpkin":1,"minecraft:dripstone_block":5,"minecraft:gravel":7,"minecraft:white_bed":5,"minecraft:spider_eye":3,"minecraft:diamond":11,"minecraft:stone_axe":1,"minecraft:granite":7,"minecraft:bread":32,"minecraft:coal":266},"minecraft:crafted":{"minecraft:smooth_stone":8,"minecraft:stone_shovel":1,"minecraft:cooked_chicken":2,"minecraft:furnace":5,"minecraft:blast_furnace":1,"minecraft:stone":8,"minecraft:cooked_mutton":7,"minecraft:iron_boots":1,"minecraft:stone_pickaxe":7,"minecraft:chest":1,"minecraft:smoker":1,"minecraft:cooked_beef":20,"minecraft:cooked_cod":2,"minecraft:cooked_porkchop":19,"minecraft:crafting_table":3,"minecraft:wooden_pickaxe":3,"minecraft:iron_helmet":1,"minecraft:iron_sword":1,"minecraft:birch_planks":156,"minecraft:stone_axe":3,"minecraft:air":0,"minecraft:iron_chestplate":3,"minecraft:shield":2,"minecraft:stick":116,"minecraft:iron_ingot":88,"minecraft:iron_pickaxe":1,"minecraft:stone_sword":3,"minecraft:gold_ingot":9,"minecraft:iron_leggings":2,"minecraft:white_bed":1,"minecraft:torch":240},"minecraft:killed":{"minecraft:cave_spider":2,"minecraft:spider":3,"minecraft:cod":2,"minecraft:skeleton":3,"minecraft:chicken":2,"minecraft:pig":15,"minecraft:sheep":8,"minecraft:zombie":11,"minecraft:cow":5}},"DataVersion":3955}