{"stats":{"minecraft:killed_by":{"minecraft:skeleton":2,"minecraft:creeper":1,"minecraft:witch":1},"minecraft:dropped":{"minecraft:wheat_seeds":7,"minecraft:birch_sapling":1,"minecraft:cobblestone":67,"minecraft:white_bed":1,"minecraft:iron_chestplate":1,"minecraft:flowering_azalea":1,"minecraft:redstone":4},"minecraft:broken":{"minecraft:stone_pickaxe":2,"minecraft:wooden_pickaxe":3},"minecraft:used":{"minecraft:cooked_mutton":2,"minecraft:stone_sword":51,"minecraft:stone_shovel":11,"minecraft:stone_pickaxe":480,"minecraft:wooden_pickaxe":177,"minecraft:shield":6,"minecraft:iron_sword":36,"minecraft:cooked_chicken":1,"minecraft:iron_chestplate":1,"minecraft:orange_bed":5,"minecraft:torch":196,"minecraft:dirt":14,"minecraft:crafting_table":11,"minecraft:white_bed":3,"minecraft:dripstone_block":3,"minecraft:granite":1,"minecraft:bread":13,"minecraft:iron_pickaxe":16,"minecraft:iron_helmet":1,"minecraft:iron_boots":1,"minecraft:gravel":1,"minecraft:stone_axe":35,"minecraft:cobblestone":129,"minecraft:furnace":5,"minecraft:cooked_porkchop":8,"minecraft:egg":1,"minecraft:cooked_beef":3,"minecraft:iron_leggings":2},"minecraft:mined":{"minecraft:flowering_azalea":1,"minecraft:white_bed":4,"minecraft:crafting_table":9,"minecraft:torch":10,"minecraft:granite":6,"minecraft:short_grass":7,"minecraft:grass_block":5,"minecraft:tall_grass":10,"minecraft:cobblestone":8,"minecraft:deepslate_gold_ore":7,"minecraft:moss_block":1,"minecraft:wall_torch":9,"minecraft:furnace":5,"minecraft:birch_log":45,"minecraft:iron_ore":65,"minecraft:andesite":2,"minecraft:birch_leaves":12,"minecraft:pumpkin":1,"minecraft:deepslate_lapis_ore":6,"minecraft:pointed_dripstone":4,"minecraft:coal_ore":230,"minecraft:deepslate_iron_ore":18,"minecraft:dripstone_block":5,"minecraft:gravel":10,"minecraft:dirt":16,"minecraft:stone":307,"minecraft:deepslate":6,"minecraft:orange_bed":5},"minecraft:custom":{"minecraft:interact_with_furnace":87,"minecraft:mob_kills":26,"minecraft:interact_with_crafting_table":48,"minecraft:leave_game":1,"minecraft:time_since_death":76928,"minecraft:sleep_in_bed":4,"minecraft:time_since_rest":36622,"minecraft:sprint_one_cm":186551,"minecraft:damage_taken":2842,"minecraft:walk_one_cm":207246,"minecraft:damage_blocked_by_shield":345,"minecraft:drop":13,"minecraft:damage_dealt":3727,"minecraft:fly_one_cm":327719,"minecraft:swim_one_cm":31868,"minecraft:open_chest":2,"minecraft:crouch_one_cm":11239,"minecraft:play_time":143224,"minecraft:deaths":4,"minecraft:sneak_time":6365,"minecraft:walk_under_water_one_cm":4875,"minecraft:boat_one_cm":30051,"minecraft:jump":2149,"minecraft:walk_on_water_one_cm":23290,"minecraft:total_world_time":143224,"minecraft:fall_one_cm":45517},"minecraft:picked_up":{"minecraft:birch_log":45,"minecraft:crafting_table":10,"minecraft:feather":2,"minecraft:cooked_beef":2,"minecraft:chicken":2,"minecraft:andesite":2,"minecraft:leather":1,"minecraft:lapis_lazuli":48,"minecraft:string":6,"minecraft:dirt":20,"minecraft:bone":9,"minecraft:wheat_seeds":8,"minecraft:cobbled_deepslate":6,"minecraft:raw_gold":7,"minecraft:beef":1,"minecraft:cooked_chicken":1,"minecraft:moss_block":1,"minecraft:birch_sapling":4,"minecraft:flowering_azalea":1,"minecraft:egg":1,"minecraft:furnace":4,"minecraft:stick":2,"minecraft:raw_iron":81,"minecraft:cooked_porkchop":3,"minecraft:pumpkin":1,"minecraft:torch":21,"minecraft:dripstone_block":5,"minecraft:gravel":6,"minecraft:porkchop":8,"minecraft:pointed_dripstone":6,"minecraft:white_bed":4,"minecraft:redstone":4,"minecraft:spider_eye":1,"minecraft:orange_bed":5,"minecraft:arrow":7,"minecraft:rotten_flesh":3,"minecraft:diamond":3,"minecraft:granite":7,"minecraft:bread":32,"minecraft:coal":230,"minecraft:mutton":6,"minecraft:cod":2,"minecraft:white_wool":4,"minecraft:cobblestone":338},"minecraft:crafted":{"minecraft:cooked_beef":11,"minecraft:cooked_cod":2,"minecraft:smooth_stone":8,"minecraft:stone_shovel":1,"minecraft:cooked_porkchop":8,"minecraft:crafting_table":3,"minecraft:iron_helmet":1,"minecraft:cooked_chicken":2,"minecraft:wooden_pickaxe":3,"minecraft:iron_sword":1,"minecraft:furnace":3,"minecraft:stone":8,"minecraft:birch_planks":156,"minecraft:stone_axe":3,"minecraft:cooked_mutton":6,"minecraft:air":0,"minecraft:iron_boots":1,"minecraft:iron_chestplate":3,"minecraft:shield":2,"minecraft:stick":116,"minecraft:iron_ingot":64,"minecraft:iron_pickaxe":1,"minecraft:stone_pickaxe":7,"minecraft:stone_sword":3,"minecraft:iron_leggings":2,"minecraft:white_bed":1,"minecraft:torch":220},"minecraft:killed":{"minecraft:pig":4,"minecraft:spider":3,"minecraft:cod":2,"minecraft:skeleton":3,"minecraft:sheep":4,"minecraft:zombie":7,"minecraft:chicken":2,"minecraft:cow":1}},"DataVersion":3955}