{"stats":{"minecraft:broken":{"minecraft:stone_sword":1,"minecraft:wooden_pickaxe":3,"minecraft:stone_pickaxe":4,"minecraft:iron_axe":1,"minecraft:stone_axe":9,"minecraft:iron_pickaxe":1,"minecraft:stone_shovel":12},"minecraft:dropped":{"minecraft:oak_slab":63,"minecraft:birch_planks":65,"minecraft:wheat_seeds":16,"minecraft:cooked_beef":1,"minecraft:oak_log":1,"minecraft:cobblestone":67,"minecraft:rail":3,"minecraft:birch_slab":72,"minecraft:stick":14,"minecraft:dirt":181,"minecraft:oak_stairs":49,"minecraft:flowering_azalea":1,"minecraft:birch_stairs":1,"minecraft:redstone":4,"minecraft:gravel":3,"minecraft:stone_axe":3,"minecraft:birch_sapling":1,"minecraft:stone_shovel":2,"minecraft:rotten_flesh":15,"minecraft:white_bed":2,"minecraft:iron_chestplate":1,"minecraft:oak_sapling":1,"minecraft:egg":2},"minecraft:custom":{"minecraft:mob_kills":98,"minecraft:interact_with_crafting_table":114,"minecraft:leave_game":12,"minecraft:time_since_death":567136,"minecraft:sprint_one_cm":830735,"minecraft:walk_one_cm":1033723,"minecraft:damage_blocked_by_shield":1243,"minecraft:drop":51,"minecraft:talked_to_villager":1,"minecraft:play_time":633432,"minecraft:sneak_time":52028,"minecraft:deaths":4,"minecraft:walk_under_water_one_cm":20910,"minecraft:boat_one_cm":30051,"minecraft:jump":9221,"minecraft:interact_with_blast_furnace":8,"minecraft:walk_on_water_one_cm":56888,"minecraft:total_world_time":633432,"minecraft:interact_with_furnace":110,"minecraft:sleep_in_bed":41,"minecraft:time_since_rest":9245,"minecraft:damage_taken":6193,"minecraft:damage_dealt":10937,"minecraft:swim_one_cm":65821,"minecraft:fly_one_cm":1551699,"minecraft:open_chest":76,"minecraft:crouch_one_cm":76790,"minecraft:interact_with_smoker":23,"minecraft:fish_caught":14,"minecraft:fall_one_cm":201720},"minecraft:crafted":{"minecraft:cherry_planks":12,"minecraft:smooth_stone":8,"minecraft:oak_planks":700,"minecraft:stone_shovel":17,"minecraft:fishing_rod":1,"minecraft:cooked_chicken":13,"minecraft:birch_slab":186,"minecraft:furnace":5,"minecraft:blast_furnace":1,"minecraft:stone":8,"minecraft:cooked_mutton":30,"minecraft:oak_trapdoor":20,"minecraft:iron_boots":1,"minecraft:iron_axe":1,"minecraft:stone_pickaxe":8,"minecraft:chest":4,"minecraft:oak_fence":36,"minecraft:smoker":1,"minecraft:cooked_beef":22,"minecraft:cooked_cod":2,"minecraft:oak_slab":264,"minecraft:cooked_porkchop":32,"minecraft:crafting_table":4,"minecraft:iron_helmet":1,"minecraft:wooden_pickaxe":3,"minecraft:iron_sword":1,"minecraft:bucket":1,"minecraft:birch_planks":827,"minecraft:stone_axe":15,"minecraft:air":0,"minecraft:iron_chestplate":3,"minecraft:shield":2,"minecraft:stick":196,"minecraft:iron_ingot":90,"minecraft:iron_pickaxe":2,"minecraft:oak_stairs":224,"minecraft:stone_sword":3,"minecraft:iron_shovel":1,"minecraft:iron_leggings":2,"minecraft:gold_ingot":9,"minecraft:white_bed":1,"minecraft:torch":424,"minecraft:birch_stairs":76},"minecraft:killed":{"minecraft:cave_spider":2,"minecraft:spider":4,"minecraft:cod":2,"minecraft:skeleton":4,"minecraft:chicken":15,"minecraft:pig":16,"minecraft:sheep":23,"minecraft:trader_llama":1,"minecraft:zombie":13,"minecraft:cow":17},"minecraft:mined":{"minecraft:tuff":3,"minecraft:white_bed":4,"minecraft:deepslate_diamond_ore":8,"minecraft:cherry_log":10,"minecraft:glow_lichen":1,"minecraft:granite":6,"minecraft:acacia_log":4,"minecraft:grass_block":869,"minecraft:birch_slab":37,"minecraft:moss_block":1,"minecraft:oak_trapdoor":28,"minecraft:furnace":6,"minecraft:iron_ore":73,"minecraft:andesite":2,"minecraft:pumpkin":1,"minecraft:deepslate_lapis_ore":9,"minecraft:peony":1,"minecraft:pointed_dripstone":4,"minecraft:deepslate_iron_ore":21,"minecraft:oak_stairs":152,"minecraft:stone":457,"minecraft:orange_bed":8,"minecraft:deepslate_redstone_ore":6,"minecraft:birch_stairs":110,"minecraft:oak_slab":26,"minecraft:flowering_azalea":1,"minecraft:oak_fence":18,"minecraft:crafting_table":14,"minecraft:torch":28,"minecraft:short_grass":375,"minecraft:tall_grass":57,"minecraft:cobblestone":9,"minecraft:deepslate_gold_ore":9,"minecraft:oak_planks":105,"minecraft:sugar_cane":3,"minecraft:wall_torch":22,"minecraft:pink_petals":1,"minecraft:birch_planks":44,"minecraft:birch_log":227,"minecraft:birch_leaves":19,"minecraft:oak_log":714,"minecraft:coal_ore":558,"minecraft:dripstone_block":5,"minecraft:cherry_leaves":4,"minecraft:gravel":14,"minecraft:sand":38,"minecraft:dirt":893,"minecraft:cobweb":6,"minecraft:oak_leaves":79,"minecraft:deepslate":9},"minecraft:used":{"minecraft:oak_trapdoor":32,"minecraft:oak_fence":45,"minecraft:stone_sword":177,"minecraft:iron_shovel":68,"minecraft:stone_shovel":1673,"minecraft:chest":4,"minecraft:shield":26,"minecraft:iron_sword":79,"minecraft:cooked_chicken":1,"minecraft:iron_chestplate":1,"minecraft:orange_bed":8,"minecraft:torch":417,"minecraft:dirt":1040,"minecraft:tuff":3,"minecraft:granite":1,"minecraft:iron_axe":251,"minecraft:oak_stairs":202,"minecraft:birch_sapling":10,"minecraft:iron_helmet":1,"minecraft:iron_boots":1,"minecraft:oak_sapling":61,"minecraft:furnace":7,"minecraft:egg":5,"minecraft:cooked_beef":24,"minecraft:cobbled_deepslate":11,"minecraft:iron_leggings":2,"minecraft:cooked_mutton":26,"minecraft:water_bucket":41,"minecraft:birch_planks":349,"minecraft:stone_pickaxe":654,"minecraft:oak_planks":199,"minecraft:wooden_pickaxe":177,"minecraft:oak_slab":46,"minecraft:crafting_table":18,"minecraft:blast_furnace":1,"minecraft:white_bed":3,"minecraft:dripstone_block":5,"minecraft:smoker":1,"minecraft:oak_log":428,"minecraft:bread":32,"minecraft:birch_slab":188,"minecraft:iron_pickaxe":361,"minecraft:gravel":1,"minecraft:stone_axe":1266,"minecraft:fishing_rod":25,"minecraft:cobblestone":146,"minecraft:cooked_porkchop":20,"minecraft:bucket":42,"minecraft:birch_stairs":182},"minecraft:picked_up":{"minecraft:crafting_table":15,"minecraft:chicken":15,"minecraft:lead":2,"minecraft:diamond_sword":1,"minecraft:oak_stairs":185,"minecraft:string":18,"minecraft:oak_trapdoor":28,"minecraft:pufferfish":2,"minecraft:diamond_leggings":1,"minecraft:cobbled_deepslate":11,"minecraft:beef":31,"minecraft:light_gray_wool":2,"minecraft:sugar_cane":6,"minecraft:birch_sapling":14,"minecraft:furnace":5,"minecraft:egg":8,"minecraft:stick":92,"minecraft:raw_iron":92,"minecraft:oak_fence":21,"minecraft:torch":61,"minecraft:acacia_log":4,"minecraft:porkchop":32,"minecraft:cherry_log":10,"minecraft:pointed_dripstone":6,"minecraft:redstone":33,"minecraft:orange_bed":8,"minecraft:rotten_flesh":21,"minecraft:arrow":9,"minecraft:stone_shovel":2,"minecraft:diamond_chestplate":1,"minecraft:peony":1,"minecraft:diamond_boots":1,"minecraft:mutton":32,"minecraft:cod":11,"minecraft:rail":4,"minecraft:white_wool":20,"minecraft:cobblestone":478,"minecraft:birch_log":241,"minecraft:pink_petals":4,"minecraft:feather":11,"minecraft:cooked_beef":3,"minecraft:andesite":2,"minecraft:birch_slab":114,"minecraft:salmon":3,"minecraft:leather":19,"minecraft:birch_planks":82,"minecraft:tuff":3,"minecraft:oak_log":742,"minecraft:lapis_lazuli":71,"minecraft:dirt":1750,"minecraft:leather_boots":1,"minecraft:bone":9,"minecraft:apple":11,"minecraft:wheat_seeds":52,"minecraft:raw_gold":9,"minecraft:iron_ingot":1,"minecraft:cooked_chicken":1,"minecraft:diamond_helmet":1,"minecraft:moss_block":1,"minecraft:flowering_azalea":1,"minecraft:oak_planks":100,"minecraft:oak_slab":92,"minecraft:cooked_porkchop":3,"minecraft:pumpkin":1,"minecraft:dripstone_block":5,"minecraft:gravel":10,"minecraft:birch_stairs":109,"minecraft:sand":34,"minecraft:white_bed":5,"minecraft:spider_eye":4,"minecraft:diamond":11,"minecraft:stone_axe":3,"minecraft:granite":7,"minecraft:cherry_sapling":3,"minecraft:bread":32,"minecraft:oak_sapling":77,"minecraft:coal":551,"minecraft:diamond_pickaxe":2},"minecraft:killed_by":{"minecraft:creeper":1,"minecraft:skeleton":2,"minecraft:witch":1}},"DataVersion":3955}