{"stats":{"minecraft:custom":{"minecraft:animals_bred":39,"minecraft:interact_with_crafting_table":297,"minecraft:open_barrel":9,"minecraft:bell_ring":51,"minecraft:leave_game":26,"minecraft:time_since_death":2113241,"minecraft:sprint_one_cm":2657943,"minecraft:damage_blocked_by_shield":1450,"minecraft:drop":221,"minecraft:talked_to_villager":26,"minecraft:play_time":2179537,"minecraft:deaths":4,"minecraft:jump":27071,"minecraft:walk_on_water_one_cm":269138,"minecraft:interact_with_furnace":188,"minecraft:sleep_in_bed":124,"minecraft:damage_dealt":22054,"minecraft:crouch_one_cm":232754,"minecraft:interact_with_smoker":64,"minecraft:interact_with_smithing_table":6,"minecraft:mob_kills":200,"minecraft:inspect_hopper":1,"minecraft:climb_one_cm":56998,"minecraft:walk_one_cm":3208666,"minecraft:sneak_time":138058,"minecraft:walk_under_water_one_cm":61796,"minecraft:boat_one_cm":754417,"minecraft:interact_with_blast_furnace":13,"minecraft:total_world_time":2179537,"minecraft:pot_flower":1,"minecraft:interact_with_grindstone":2,"minecraft:time_since_rest":41277,"minecraft:damage_taken":9962,"minecraft:swim_one_cm":335995,"minecraft:fly_one_cm":5123387,"minecraft:open_chest":623,"minecraft:fish_caught":14,"minecraft:fall_one_cm":509680},"minecraft:crafted":{"minecraft:brick":3,"minecraft:smooth_stone":8,"minecraft:oak_planks":1732,"minecraft:barrel":5,"minecraft:cobblestone_slab":12,"minecraft:oak_sign":9,"minecraft:melon":18,"minecraft:birch_boat":3,"minecraft:cooked_chicken":24,"minecraft:birch_slab":186,"minecraft:stone":158,"minecraft:bookshelf":7,"minecraft:cooked_mutton":59,"minecraft:glass":107,"minecraft:hopper":1,"minecraft:stone_brick_slab":6,"minecraft:bow":1,"minecraft:iron_boots":1,"minecraft:chest":28,"minecraft:oak_button":3,"minecraft:birch_button":4,"minecraft:stone_bricks":120,"minecraft:oak_fence":111,"minecraft:gray_bed":1,"minecraft:flower_pot":1,"minecraft:smoker":5,"minecraft:item_frame":3,"minecraft:dropper":1,"minecraft:oak_slab":264,"minecraft:cooked_porkchop":59,"minecraft:crafting_table":9,"minecraft:acacia_slab":18,"minecraft:wooden_pickaxe":3,"minecraft:iron_helmet":1,"minecraft:birch_planks":1823,"minecraft:iron_chestplate":3,"minecraft:shield":2,"minecraft:birch_fence":78,"minecraft:stick":404,"minecraft:iron_ingot":146,"minecraft:iron_pickaxe":2,"minecraft:iron_block":3,"minecraft:stone_sword":3,"minecraft:acacia_door":3,"minecraft:gold_ingot":9,"minecraft:redstone_torch":2,"minecraft:composter":1,"minecraft:birch_stairs":412,"minecraft:cherry_planks":12,"minecraft:stone_shovel":50,"minecraft:fishing_rod":1,"minecraft:smooth_stone_slab":6,"minecraft:iron_nugget":207,"minecraft:furnace":9,"minecraft:blast_furnace":1,"minecraft:glass_pane":272,"minecraft:oak_trapdoor":32,"minecraft:lantern":9,"minecraft:iron_axe":2,"minecraft:ladder":9,"minecraft:birch_chest_boat":2,"minecraft:stone_pickaxe":13,"minecraft:minecart":1,"minecraft:cooked_beef":22,"minecraft:red_dye":4,"minecraft:cooked_cod":11,"minecraft:activator_rail":6,"minecraft:iron_sword":1,"minecraft:red_bed":2,"minecraft:cooked_salmon":14,"minecraft:bucket":22,"minecraft:stone_axe":31,"minecraft:bread":80,"minecraft:air":0,"minecraft:oak_boat":1,"minecraft:oak_fence_gate":23,"minecraft:white_dye":1,"minecraft:oak_stairs":436,"minecraft:iron_shovel":2,"minecraft:iron_leggings":2,"minecraft:armor_stand":2,"minecraft:white_bed":4,"minecraft:acacia_planks":60,"minecraft:torch":504},"minecraft:mined":{"minecraft:white_bed":5,"minecraft:oak_sapling":2,"minecraft:farmland":3,"minecraft:cherry_log":10,"minecraft:obsidian":14,"minecraft:granite":36,"minecraft:acacia_log":42,"minecraft:grass_block":2414,"minecraft:composter":12,"minecraft:oak_wall_sign":1,"minecraft:oxeye_daisy":1,"minecraft:smooth_stone":1,"minecraft:tall_seagrass":3,"minecraft:iron_ore":87,"minecraft:barrel":35,"minecraft:pumpkin":1,"minecraft:deepslate_lapis_ore":9,"minecraft:azure_bluet":1,"minecraft:pointed_dripstone":4,"minecraft:dirt_path":29,"minecraft:water_cauldron":2,"minecraft:oak_stairs":314,"minecraft:orange_bed":21,"minecraft:deepslate_redstone_ore":6,"minecraft:red_bed":5,"minecraft:smoker":2,"minecraft:clay":15,"minecraft:torch":93,"minecraft:blast_furnace":3,"minecraft:poppy":10,"minecraft:melon":35,"minecraft:chest":38,"minecraft:cobblestone":37,"minecraft:grindstone":2,"minecraft:sugar_cane":138,"minecraft:oak_planks":255,"minecraft:wall_torch":49,"minecraft:pink_petals":1,"minecraft:birch_log":463,"minecraft:wheat":602,"minecraft:brown_wall_banner":1,"minecraft:oak_log":1694,"minecraft:oak_fence_gate":2,"minecraft:acacia_fence":24,"minecraft:sand":189,"minecraft:dirt":3030,"minecraft:oak_leaves":340,"minecraft:deepslate":9,"minecraft:tuff":3,"minecraft:deepslate_diamond_ore":8,"minecraft:glow_lichen":1,"minecraft:ladder":3,"minecraft:birch_slab":37,"minecraft:acacia_slab":1,"minecraft:moss_block":1,"minecraft:oak_trapdoor":62,"minecraft:furnace":17,"minecraft:acacia_wood":10,"minecraft:acacia_stairs":8,"minecraft:andesite":2,"minecraft:peony":8,"minecraft:bell":1,"minecraft:bookshelf":8,"minecraft:deepslate_iron_ore":21,"minecraft:cobblestone_slab":6,"minecraft:stone":884,"minecraft:orange_glazed_terracotta":1,"minecraft:smithing_table":7,"minecraft:birch_stairs":213,"minecraft:oak_slab":62,"minecraft:flowering_azalea":1,"minecraft:glass_pane":58,"minecraft:lily_of_the_valley":7,"minecraft:stone_brick_slab":1,"minecraft:dandelion":2,"minecraft:oak_fence":69,"minecraft:crafting_table":29,"minecraft:short_grass":934,"minecraft:rose_bush":5,"minecraft:lectern":1,"minecraft:copper_ore":3,"minecraft:tall_grass":137,"minecraft:deepslate_gold_ore":9,"minecraft:diorite":22,"minecraft:birch_planks":101,"minecraft:birch_leaves":41,"minecraft:coal_ore":647,"minecraft:dripstone_block":5,"minecraft:cherry_leaves":4,"minecraft:flower_pot":2,"minecraft:sunflower":2,"minecraft:gravel":39,"minecraft:acacia_door":4,"minecraft:cobweb":6,"minecraft:acacia_planks":7,"minecraft:stone_bricks":235,"minecraft:birch_fence":46},"minecraft:picked_up":{"minecraft:iron_chestplate":1,"minecraft:wheat":535,"minecraft:flower_pot":2,"minecraft:smithing_table":7,"minecraft:lead":9,"minecraft:diamond_sword":3,"minecraft:oak_stairs":335,"minecraft:enchanted_book":1,"minecraft:golden_sword":1,"minecraft:amethyst_block":2,"minecraft:string":41,"minecraft:raw_copper":20,"minecraft:smooth_stone_slab":4,"minecraft:iron_leggings":1,"minecraft:orange_glazed_terracotta":1,"minecraft:pufferfish":6,"minecraft:oak_sign":5,"minecraft:diamond_leggings":1,"minecraft:cobbled_deepslate":54,"minecraft:smooth_stone":8,"minecraft:rose_bush":5,"minecraft:cobblestone_slab":5,"minecraft:iron_pickaxe":1,"minecraft:melon_slice":171,"minecraft:iron_boots":1,"minecraft:furnace":17,"minecraft:stick":264,"minecraft:acacia_fence":23,"minecraft:composter":12,"minecraft:oak_fence":88,"minecraft:torch":265,"minecraft:acacia_log":46,"minecraft:porkchop":64,"minecraft:cherry_log":10,"minecraft:pointed_dripstone":18,"minecraft:diorite":18,"minecraft:cauldron":2,"minecraft:orange_bed":22,"minecraft:rotten_flesh":86,"minecraft:armadillo_scute":1,"minecraft:obsidian":16,"minecraft:cod":20,"minecraft:cobblestone":929,"minecraft:birch_log":476,"minecraft:pink_petals":8,"minecraft:feather":30,"minecraft:cooked_beef":5,"minecraft:cherry_planks":10,"minecraft:birch_slab":114,"minecraft:water_bucket":6,"minecraft:andesite":2,"minecraft:smoker":2,"minecraft:flint":5,"minecraft:tuff":3,"minecraft:lantern":1,"minecraft:lapis_lazuli":236,"minecraft:dirt":5551,"minecraft:name_tag":1,"minecraft:leather_boots":2,"minecraft:bone":35,"minecraft:acacia_planks":7,"minecraft:bow":1,"minecraft:wheat_seeds":1749,"minecraft:raw_gold":69,"minecraft:bell":1,"minecraft:grindstone":2,"minecraft:diamond_helmet":1,"minecraft:moss_block":1,"minecraft:oak_planks":256,"minecraft:cooked_porkchop":17,"minecraft:sand":215,"minecraft:grass_block":1,"minecraft:lily_of_the_valley":10,"minecraft:acacia_stairs":7,"minecraft:barrel":34,"minecraft:iron_hoe":2,"minecraft:diamond":61,"minecraft:crossbow":1,"minecraft:granite":36,"minecraft:bone_meal":72,"minecraft:emerald":1,"minecraft:bread":33,"minecraft:oak_sapling":375,"minecraft:diamond_pickaxe":7,"minecraft:fishing_rod":1,"minecraft:crafting_table":30,"minecraft:azure_bluet":1,"minecraft:ominous_bottle":1,"minecraft:chicken":28,"minecraft:ladder":3,"minecraft:clay_ball":48,"minecraft:golden_pickaxe":1,"minecraft:red_bed":5,"minecraft:oak_trapdoor":62,"minecraft:acacia_door":6,"minecraft:item_frame":1,"minecraft:birch_fence":46,"minecraft:beef":59,"minecraft:oak_boat":1,"minecraft:poppy":12,"minecraft:light_gray_wool":4,"minecraft:lectern":1,"minecraft:sugar_cane":223,"minecraft:chest":39,"minecraft:birch_sapling":80,"minecraft:egg":15,"minecraft:raw_iron":114,"minecraft:redstone":258,"minecraft:stone_shovel":7,"minecraft:arrow":31,"minecraft:diamond_chestplate":1,"minecraft:peony":12,"minecraft:diamond_boots":1,"minecraft:saddle":1,"minecraft:gold_ingot":36,"minecraft:glow_berries":6,"minecraft:mutton":60,"minecraft:rail":275,"minecraft:white_wool":48,"minecraft:oxeye_daisy":2,"minecraft:golden_carrot":11,"minecraft:salmon":27,"minecraft:leather":62,"minecraft:acacia_wood":9,"minecraft:birch_planks":158,"minecraft:oak_log":1760,"minecraft:white_banner":1,"minecraft:cooked_mutton":2,"minecraft:apple":118,"minecraft:stone_bricks":233,"minecraft:iron_ingot":85,"minecraft:oak_fence_gate":2,"minecraft:stone_pickaxe":1,"minecraft:cooked_chicken":12,"minecraft:flowering_azalea":1,"minecraft:book":24,"minecraft:oak_slab":138,"minecraft:birch_boat":45,"minecraft:pumpkin":3,"minecraft:stone_brick_slab":1,"minecraft:dandelion":1,"minecraft:dripstone_block":5,"minecraft:gravel":36,"minecraft:birch_stairs":207,"minecraft:amethyst_shard":24,"minecraft:blast_furnace":3,"minecraft:white_bed":9,"minecraft:spider_eye":9,"minecraft:stone_axe":12,"minecraft:iron_helmet":1,"minecraft:cherry_sapling":3,"minecraft:gray_wool":3,"minecraft:oak_button":1,"minecraft:brown_banner":1,"minecraft:melon_seeds":4,"minecraft:coal":1327,"minecraft:sunflower":3},"minecraft:killed_by":{"minecraft:creeper":1,"minecraft:witch":1,"minecraft:skeleton":2},"minecraft:broken":{"minecraft:iron_shovel":2,"minecraft:stone_pickaxe":8,"minecraft:stone_axe":25,"minecraft:iron_sword":1,"minecraft:stone_shovel":40,"minecraft:stone_sword":1,"minecraft:wooden_pickaxe":3,"minecraft:iron_axe":1,"minecraft:iron_pickaxe":2},"minecraft:dropped":{"minecraft:acacia_wood":3,"minecraft:birch_planks":86,"minecraft:cooked_beef":1,"minecraft:oak_log":55,"minecraft:rail":3,"minecraft:birch_slab":72,"minecraft:dirt":326,"minecraft:acacia_door":4,"minecraft:birch_stairs":1,"minecraft:gravel":3,"minecraft:stone_axe":9,"minecraft:birch_sapling":1,"minecraft:wheat":11,"minecraft:obsidian":1,"minecraft:rotten_flesh":58,"minecraft:oak_planks":2,"minecraft:cooked_mutton":2,"minecraft:white_bed":5,"minecraft:poppy":568,"minecraft:chest":1,"minecraft:egg":5,"minecraft:bread":70,"minecraft:oak_slab":63,"minecraft:wheat_seeds":106,"minecraft:cobblestone":67,"minecraft:apple":33,"minecraft:stick":14,"minecraft:diorite":1,"minecraft:torch":27,"minecraft:melon_slice":1,"minecraft:oak_stairs":51,"minecraft:armadillo_scute":2,"minecraft:flowering_azalea":1,"minecraft:orange_bed":1,"minecraft:string":2,"minecraft:acacia_planks":3,"minecraft:redstone":4,"minecraft:stone_shovel":4,"minecraft:lily_of_the_valley":4,"minecraft:cobblestone_slab":2,"minecraft:peony":4,"minecraft:iron_chestplate":1,"minecraft:oak_sapling":2,"minecraft:birch_boat":1,"minecraft:stone_pickaxe":1},"minecraft:killed":{"minecraft:cave_spider":2,"minecraft:witch":1,"minecraft:spider":11,"minecraft:cod":2,"minecraft:skeleton":9,"minecraft:chicken":24,"minecraft:pig":29,"minecraft:salmon":18,"minecraft:iron_golem":2,"minecraft:creeper":1,"minecraft:sheep":35,"minecraft:trader_llama":3,"minecraft:pillager":3,"minecraft:zombie":20,"minecraft:cow":30,"minecraft:drowned":1,"minecraft:villager":1,"minecraft:enderman":1},"minecraft:used":{"minecraft:peony":5,"minecraft:iron_shovel":527,"minecraft:ladder":12,"minecraft:poppy":174,"minecraft:oak_sign":14,"minecraft:chest":64,"minecraft:shield":29,"minecraft:iron_sword":260,"minecraft:bell":1,"minecraft:iron_chestplate":1,"minecraft:tuff":3,"minecraft:lava_bucket":3,"minecraft:lantern":10,"minecraft:birch_sapling":36,"minecraft:iron_helmet":1,"minecraft:stone_bricks":297,"minecraft:item_frame":3,"minecraft:birch_button":3,"minecraft:bow":21,"minecraft:oak_sapling":294,"minecraft:furnace":18,"minecraft:cooked_cod":9,"minecraft:gray_bed":1,"minecraft:acacia_fence":12,"minecraft:egg":9,"minecraft:diorite":17,"minecraft:stone_pickaxe":1292,"minecraft:oak_planks":587,"minecraft:wooden_pickaxe":177,"minecraft:composter":13,"minecraft:sugar_cane":63,"minecraft:sand":3,"minecraft:blast_furnace":4,"minecraft:dripstone_block":5,"minecraft:birch_fence":51,"minecraft:acacia_door":1,"minecraft:birch_slab":188,"minecraft:melon_slice":8,"minecraft:bread":43,"minecraft:lectern":1,"minecraft:gravel":1,"minecraft:diamond_sword":72,"minecraft:grindstone":2,"minecraft:smithing_table":7,"minecraft:birch_log":1,"minecraft:oak_boat":2,"minecraft:bone_meal":66,"minecraft:oak_fence":161,"minecraft:oak_trapdoor":94,"minecraft:stone_sword":177,"minecraft:armor_stand":2,"minecraft:stone_shovel":5581,"minecraft:cooked_salmon":5,"minecraft:cooked_chicken":23,"minecraft:orange_bed":20,"minecraft:torch":657,"minecraft:dirt":4277,"minecraft:hopper":1,"minecraft:granite":30,"minecraft:oak_fence_gate":25,"minecraft:iron_hoe":148,"minecraft:stone_brick_slab":3,"minecraft:birch_chest_boat":2,"minecraft:iron_axe":360,"minecraft:oak_stairs":624,"minecraft:iron_boots":1,"minecraft:barrel":38,"minecraft:cooked_beef":26,"minecraft:cobbled_deepslate":11,"minecraft:acacia_planks":31,"minecraft:iron_leggings":2,"minecraft:wheat_seeds":1524,"minecraft:cooked_mutton":55,"minecraft:water_bucket":213,"minecraft:birch_planks":735,"minecraft:birch_boat":44,"minecraft:cauldron":2,"minecraft:cobblestone_slab":18,"minecraft:oak_slab":148,"minecraft:crafting_table":38,"minecraft:red_bed":7,"minecraft:white_bed":6,"minecraft:smoker":7,"minecraft:oak_log":1083,"minecraft:diamond_pickaxe":128,"minecraft:apple":1,"minecraft:flower_pot":3,"minecraft:acacia_stairs":2,"minecraft:sunflower":1,"minecraft:iron_pickaxe":503,"minecraft:oak_button":4,"minecraft:stone_axe":3314,"minecraft:pink_petals":4,"minecraft:fishing_rod":25,"minecraft:cobblestone":278,"minecraft:cooked_porkchop":74,"minecraft:bucket":219,"minecraft:glass_pane":255,"minecraft:birch_stairs":577}},"DataVersion":3955}