{"stats":{"minecraft:killed_by":{"minecraft:creeper":1,"minecraft:witch":1,"minecraft:skeleton":2},"minecraft:dropped":{"minecraft:birch_planks":86,"minecraft:cooked_beef":1,"minecraft:oak_log":55,"minecraft:rail":3,"minecraft:birch_slab":72,"minecraft:dirt":259,"minecraft:birch_stairs":1,"minecraft:gravel":3,"minecraft:stone_axe":9,"minecraft:birch_sapling":1,"minecraft:obsidian":1,"minecraft:rotten_flesh":35,"minecraft:cooked_mutton":2,"minecraft:white_bed":2,"minecraft:egg":4,"minecraft:oak_slab":63,"minecraft:wheat_seeds":30,"minecraft:cobblestone":67,"minecraft:apple":33,"minecraft:stick":14,"minecraft:diorite":1,"minecraft:torch":27,"minecraft:oak_stairs":51,"minecraft:flowering_azalea":1,"minecraft:string":2,"minecraft:redstone":4,"minecraft:stone_shovel":3,"minecraft:lily_of_the_valley":4,"minecraft:peony":4,"minecraft:iron_chestplate":1,"minecraft:oak_sapling":1,"minecraft:birch_boat":1},"minecraft:broken":{"minecraft:iron_shovel":2,"minecraft:stone_pickaxe":7,"minecraft:stone_axe":23,"minecraft:stone_shovel":31,"minecraft:stone_sword":1,"minecraft:wooden_pickaxe":3,"minecraft:iron_axe":1,"minecraft:iron_pickaxe":2},"minecraft:used":{"minecraft:peony":5,"minecraft:iron_shovel":527,"minecraft:ladder":6,"minecraft:chest":56,"minecraft:shield":27,"minecraft:iron_sword":230,"minecraft:iron_chestplate":1,"minecraft:tuff":3,"minecraft:lantern":10,"minecraft:birch_sapling":36,"minecraft:iron_helmet":1,"minecraft:stone_bricks":283,"minecraft:bow":14,"minecraft:furnace":16,"minecraft:oak_sapling":197,"minecraft:cooked_cod":9,"minecraft:egg":9,"minecraft:diorite":17,"minecraft:stone_pickaxe":1115,"minecraft:oak_planks":560,"minecraft:wooden_pickaxe":177,"minecraft:sugar_cane":63,"minecraft:blast_furnace":4,"minecraft:dripstone_block":5,"minecraft:birch_fence":18,"minecraft:birch_slab":188,"minecraft:bread":32,"minecraft:lectern":1,"minecraft:gravel":1,"minecraft:oak_fence":158,"minecraft:oak_trapdoor":94,"minecraft:stone_sword":177,"minecraft:armor_stand":2,"minecraft:stone_shovel":4189,"minecraft:cooked_chicken":12,"minecraft:orange_bed":13,"minecraft:torch":610,"minecraft:dirt":3689,"minecraft:granite":30,"minecraft:oak_fence_gate":25,"minecraft:iron_hoe":110,"minecraft:iron_axe":251,"minecraft:oak_stairs":620,"minecraft:iron_boots":1,"minecraft:barrel":3,"minecraft:cooked_beef":24,"minecraft:cobbled_deepslate":11,"minecraft:iron_leggings":2,"minecraft:wheat_seeds":178,"minecraft:cooked_mutton":48,"minecraft:water_bucket":71,"minecraft:birch_planks":735,"minecraft:oak_slab":148,"minecraft:crafting_table":30,"minecraft:red_bed":7,"minecraft:white_bed":3,"minecraft:smoker":7,"minecraft:oak_log":1083,"minecraft:flower_pot":3,"minecraft:diamond_pickaxe":122,"minecraft:sunflower":1,"minecraft:oak_button":4,"minecraft:iron_pickaxe":503,"minecraft:stone_axe":3123,"minecraft:pink_petals":4,"minecraft:fishing_rod":25,"minecraft:cobblestone":275,"minecraft:cooked_porkchop":69,"minecraft:bucket":71,"minecraft:glass_pane":255,"minecraft:birch_stairs":577},"minecraft:custom":{"minecraft:interact_with_crafting_table":239,"minecraft:open_barrel":2,"minecraft:leave_game":24,"minecraft:time_since_death":1376960,"minecraft:sprint_one_cm":2038107,"minecraft:damage_blocked_by_shield":1303,"minecraft:drop":90,"minecraft:talked_to_villager":10,"minecraft:play_time":1443256,"minecraft:deaths":4,"minecraft:jump":20824,"minecraft:walk_on_water_one_cm":165216,"minecraft:interact_with_furnace":173,"minecraft:sleep_in_bed":100,"minecraft:damage_dealt":17255,"minecraft:crouch_one_cm":220230,"minecraft:interact_with_smoker":56,"minecraft:interact_with_smithing_table":3,"minecraft:mob_kills":162,"minecraft:climb_one_cm":40590,"minecraft:walk_one_cm":2504855,"minecraft:sneak_time":132622,"minecraft:walk_under_water_one_cm":38282,"minecraft:boat_one_cm":30051,"minecraft:interact_with_blast_furnace":13,"minecraft:total_world_time":1443256,"minecraft:pot_flower":1,"minecraft:interact_with_grindstone":1,"minecraft:time_since_rest":263,"minecraft:damage_taken":9213,"minecraft:swim_one_cm":235189,"minecraft:fly_one_cm":3845027,"minecraft:open_chest":399,"minecraft:fish_caught":14,"minecraft:fall_one_cm":416086},"minecraft:mined":{"minecraft:white_bed":5,"minecraft:oak_sapling":1,"minecraft:farmland":3,"minecraft:cherry_log":10,"minecraft:obsidian":14,"minecraft:granite":36,"minecraft:acacia_log":4,"minecraft:grass_block":1698,"minecraft:smooth_stone":1,"minecraft:iron_ore":87,"minecraft:pumpkin":1,"minecraft:deepslate_lapis_ore":9,"minecraft:pointed_dripstone":4,"minecraft:dirt_path":2,"minecraft:water_cauldron":2,"minecraft:oak_stairs":310,"minecraft:orange_bed":14,"minecraft:deepslate_redstone_ore":6,"minecraft:red_bed":5,"minecraft:smoker":2,"minecraft:clay":15,"minecraft:torch":78,"minecraft:blast_furnace":3,"minecraft:poppy":4,"minecraft:melon":35,"minecraft:chest":33,"minecraft:cobblestone":34,"minecraft:sugar_cane":88,"minecraft:oak_planks":241,"minecraft:wall_torch":47,"minecraft:pink_petals":1,"minecraft:birch_log":442,"minecraft:wheat":144,"minecraft:oak_log":1635,"minecraft:oak_fence_gate":2,"minecraft:sand":183,"minecraft:dirt":2793,"minecraft:oak_leaves":275,"minecraft:deepslate":9,"minecraft:tuff":3,"minecraft:deepslate_diamond_ore":8,"minecraft:glow_lichen":1,"minecraft:birch_slab":37,"minecraft:moss_block":1,"minecraft:oak_trapdoor":62,"minecraft:furnace":15,"minecraft:acacia_stairs":2,"minecraft:andesite":2,"minecraft:peony":8,"minecraft:bookshelf":8,"minecraft:deepslate_iron_ore":21,"minecraft:stone":772,"minecraft:oak_slab":62,"minecraft:birch_stairs":213,"minecraft:flowering_azalea":1,"minecraft:glass_pane":58,"minecraft:lily_of_the_valley":7,"minecraft:oak_fence":69,"minecraft:crafting_table":24,"minecraft:short_grass":630,"minecraft:rose_bush":5,"minecraft:lectern":1,"minecraft:tall_grass":103,"minecraft:copper_ore":3,"minecraft:deepslate_gold_ore":9,"minecraft:diorite":22,"minecraft:birch_planks":101,"minecraft:birch_leaves":39,"minecraft:coal_ore":647,"minecraft:flower_pot":2,"minecraft:cherry_leaves":4,"minecraft:sunflower":2,"minecraft:gravel":39,"minecraft:dripstone_block":5,"minecraft:cobweb":6,"minecraft:stone_bricks":190,"minecraft:birch_fence":13},"minecraft:picked_up":{"minecraft:iron_chestplate":1,"minecraft:wheat":131,"minecraft:flower_pot":2,"minecraft:lead":5,"minecraft:diamond_sword":3,"minecraft:oak_stairs":331,"minecraft:enchanted_book":1,"minecraft:golden_sword":1,"minecraft:amethyst_block":2,"minecraft:string":36,"minecraft:raw_copper":20,"minecraft:smooth_stone_slab":4,"minecraft:iron_leggings":1,"minecraft:pufferfish":6,"minecraft:diamond_leggings":1,"minecraft:cobbled_deepslate":54,"minecraft:smooth_stone":8,"minecraft:rose_bush":5,"minecraft:iron_pickaxe":1,"minecraft:melon_slice":170,"minecraft:iron_boots":1,"minecraft:furnace":15,"minecraft:stick":248,"minecraft:oak_fence":88,"minecraft:torch":239,"minecraft:acacia_log":8,"minecraft:porkchop":64,"minecraft:cherry_log":10,"minecraft:pointed_dripstone":18,"minecraft:diorite":18,"minecraft:cauldron":2,"minecraft:orange_bed":14,"minecraft:rotten_flesh":85,"minecraft:armadillo_scute":1,"minecraft:obsidian":16,"minecraft:cod":20,"minecraft:cobblestone":817,"minecraft:birch_log":456,"minecraft:pink_petals":8,"minecraft:feather":27,"minecraft:cooked_beef":3,"minecraft:cherry_planks":10,"minecraft:birch_slab":114,"minecraft:andesite":2,"minecraft:smoker":2,"minecraft:flint":5,"minecraft:tuff":3,"minecraft:lantern":1,"minecraft:lapis_lazuli":236,"minecraft:dirt":4774,"minecraft:name_tag":1,"minecraft:leather_boots":2,"minecraft:bone":34,"minecraft:bow":1,"minecraft:wheat_seeds":510,"minecraft:raw_gold":69,"minecraft:diamond_helmet":1,"minecraft:moss_block":1,"minecraft:oak_planks":242,"minecraft:cooked_porkchop":17,"minecraft:sand":210,"minecraft:lily_of_the_valley":10,"minecraft:acacia_stairs":2,"minecraft:iron_hoe":2,"minecraft:diamond":61,"minecraft:crossbow":1,"minecraft:granite":36,"minecraft:bone_meal":5,"minecraft:bread":32,"minecraft:emerald":1,"minecraft:oak_sapling":354,"minecraft:diamond_pickaxe":7,"minecraft:fishing_rod":1,"minecraft:crafting_table":25,"minecraft:ominous_bottle":1,"minecraft:chicken":25,"minecraft:clay_ball":48,"minecraft:golden_pickaxe":1,"minecraft:red_bed":5,"minecraft:oak_trapdoor":62,"minecraft:birch_fence":13,"minecraft:beef":49,"minecraft:poppy":4,"minecraft:light_gray_wool":4,"minecraft:lectern":1,"minecraft:sugar_cane":125,"minecraft:chest":34,"minecraft:birch_sapling":80,"minecraft:egg":14,"minecraft:raw_iron":114,"minecraft:redstone":258,"minecraft:stone_shovel":5,"minecraft:arrow":29,"minecraft:diamond_chestplate":1,"minecraft:peony":12,"minecraft:diamond_boots":1,"minecraft:saddle":1,"minecraft:gold_ingot":36,"minecraft:glow_berries":6,"minecraft:mutton":59,"minecraft:white_wool":47,"minecraft:rail":275,"minecraft:golden_carrot":11,"minecraft:salmon":13,"minecraft:leather":57,"minecraft:birch_planks":158,"minecraft:oak_log":1703,"minecraft:white_banner":1,"minecraft:cooked_mutton":2,"minecraft:apple":114,"minecraft:stone_bricks":190,"minecraft:oak_fence_gate":2,"minecraft:iron_ingot":77,"minecraft:cooked_chicken":12,"minecraft:flowering_azalea":1,"minecraft:book":24,"minecraft:oak_slab":138,"minecraft:birch_boat":2,"minecraft:pumpkin":3,"minecraft:dripstone_block":5,"minecraft:gravel":36,"minecraft:birch_stairs":207,"minecraft:amethyst_shard":24,"minecraft:blast_furnace":3,"minecraft:white_bed":6,"minecraft:spider_eye":8,"minecraft:stone_axe":12,"minecraft:iron_helmet":1,"minecraft:cherry_sapling":3,"minecraft:gray_wool":3,"minecraft:oak_button":1,"minecraft:melon_seeds":4,"minecraft:coal":1290,"minecraft:sunflower":3},"minecraft:crafted":{"minecraft:brick":3,"minecraft:oak_planks":1668,"minecraft:smooth_stone":8,"minecraft:barrel":3,"minecraft:oak_sign":9,"minecraft:melon":18,"minecraft:cooked_chicken":13,"minecraft:birch_slab":186,"minecraft:stone":145,"minecraft:bookshelf":7,"minecraft:cooked_mutton":52,"minecraft:glass":107,"minecraft:hopper":1,"minecraft:bow":1,"minecraft:iron_boots":1,"minecraft:chest":23,"minecraft:oak_button":3,"minecraft:stone_bricks":120,"minecraft:oak_fence":111,"minecraft:flower_pot":1,"minecraft:smoker":5,"minecraft:oak_slab":264,"minecraft:cooked_porkchop":59,"minecraft:crafting_table":6,"minecraft:wooden_pickaxe":3,"minecraft:iron_helmet":1,"minecraft:birch_planks":1747,"minecraft:iron_chestplate":3,"minecraft:shield":2,"minecraft:birch_fence":21,"minecraft:stick":340,"minecraft:iron_ingot":146,"minecraft:iron_pickaxe":2,"minecraft:iron_block":3,"minecraft:stone_sword":3,"minecraft:gold_ingot":9,"minecraft:birch_stairs":412,"minecraft:cherry_planks":12,"minecraft:stone_shovel":35,"minecraft:fishing_rod":1,"minecraft:smooth_stone_slab":6,"minecraft:iron_nugget":207,"minecraft:furnace":8,"minecraft:blast_furnace":1,"minecraft:oak_trapdoor":32,"minecraft:glass_pane":272,"minecraft:lantern":9,"minecraft:iron_axe":1,"minecraft:ladder":6,"minecraft:stone_pickaxe":12,"minecraft:cooked_beef":22,"minecraft:red_dye":4,"minecraft:cooked_cod":11,"minecraft:iron_sword":1,"minecraft:red_bed":2,"minecraft:bucket":1,"minecraft:stone_axe":30,"minecraft:air":0,"minecraft:oak_fence_gate":23,"minecraft:white_dye":1,"minecraft:oak_stairs":436,"minecraft:iron_shovel":2,"minecraft:iron_leggings":2,"minecraft:armor_stand":2,"minecraft:white_bed":1,"minecraft:acacia_planks":16,"minecraft:torch":476},"minecraft:killed":{"minecraft:cave_spider":2,"minecraft:witch":1,"minecraft:spider":5,"minecraft:cod":2,"minecraft:skeleton":7,"minecraft:chicken":21,"minecraft:pig":29,"minecraft:salmon":4,"minecraft:creeper":1,"minecraft:sheep":34,"minecraft:trader_llama":3,"minecraft:pillager":3,"minecraft:zombie":19,"minecraft:cow":25}},"DataVersion":3955}