{"stats":{"minecraft:killed_by":{"minecraft:creeper":1,"minecraft:witch":1,"minecraft:skeleton":2},"minecraft:dropped":{"minecraft:acacia_wood":3,"minecraft:brown_mushroom":1,"minecraft:birch_planks":150,"minecraft:cooked_beef":1,"minecraft:oak_log":55,"minecraft:rail":3,"minecraft:birch_slab":72,"minecraft:dirt":326,"minecraft:sunflower":2,"minecraft:sand":2,"minecraft:acacia_door":4,"minecraft:birch_chest_boat":1,"minecraft:birch_stairs":1,"minecraft:gravel":3,"minecraft:stone_axe":12,"minecraft:iron_nugget":7,"minecraft:wheat":11,"minecraft:birch_sapling":1,"minecraft:obsidian":1,"minecraft:pointed_dripstone":6,"minecraft:rotten_flesh":60,"minecraft:oak_planks":2,"minecraft:cooked_mutton":2,"minecraft:white_bed":5,"minecraft:poppy":568,"minecraft:chest":1,"minecraft:birch_button":2,"minecraft:arrow":2,"minecraft:egg":5,"minecraft:bread":120,"minecraft:oak_slab":63,"minecraft:wheat_seeds":121,"minecraft:minecart":4,"minecraft:cobblestone":91,"minecraft:lead":1,"minecraft:apple":33,"minecraft:stick":16,"minecraft:diorite":1,"minecraft:torch":37,"minecraft:melon_slice":1,"minecraft:rose_bush":5,"minecraft:oak_stairs":51,"minecraft:armadillo_scute":3,"minecraft:flowering_azalea":1,"minecraft:iron_axe":1,"minecraft:orange_bed":1,"minecraft:iron_shovel":5,"minecraft:string":2,"minecraft:acacia_planks":3,"minecraft:stone_brick_slab":4,"minecraft:redstone":4,"minecraft:raw_copper":18,"minecraft:stone_shovel":4,"minecraft:clay_ball":45,"minecraft:lily_of_the_valley":4,"minecraft:potato":46,"minecraft:cobblestone_slab":2,"minecraft:peony":6,"minecraft:iron_chestplate":1,"minecraft:oak_sapling":2,"minecraft:stone_bricks":2,"minecraft:birch_boat":1,"minecraft:bow":2,"minecraft:stone_pickaxe":1},"minecraft:broken":{"minecraft:iron_shovel":2,"minecraft:stone_pickaxe":9,"minecraft:stone_axe":27,"minecraft:iron_sword":1,"minecraft:wooden_axe":1,"minecraft:stone_shovel":42,"minecraft:stone_sword":1,"minecraft:wooden_pickaxe":3,"minecraft:iron_axe":2,"minecraft:iron_pickaxe":4},"minecraft:used":{"minecraft:peony":7,"minecraft:iron_shovel":720,"minecraft:dispenser":3,"minecraft:ladder":13,"minecraft:poppy":409,"minecraft:oak_sign":14,"minecraft:shield":33,"minecraft:chest":68,"minecraft:iron_sword":260,"minecraft:bell":1,"minecraft:iron_chestplate":1,"minecraft:tuff":3,"minecraft:glass":2,"minecraft:lava_bucket":3,"minecraft:lantern":10,"minecraft:birch_sapling":81,"minecraft:iron_helmet":1,"minecraft:stone_bricks":575,"minecraft:item_frame":17,"minecraft:birch_button":6,"minecraft:magma_block":1,"minecraft:bow":21,"minecraft:oak_sapling":311,"minecraft:furnace":24,"minecraft:cooked_cod":9,"minecraft:gray_bed":1,"minecraft:acacia_fence":12,"minecraft:egg":11,"minecraft:potato":94,"minecraft:diorite":17,"minecraft:dropper":3,"minecraft:stone_pickaxe":1314,"minecraft:oak_planks":682,"minecraft:wooden_pickaxe":177,"minecraft:sugar_cane":63,"minecraft:composter":63,"minecraft:sand":3,"minecraft:blast_furnace":5,"minecraft:dripstone_block":5,"minecraft:birch_fence":160,"minecraft:redstone_torch":9,"minecraft:acacia_door":1,"minecraft:melon_slice":8,"minecraft:birch_slab":188,"minecraft:bread":49,"minecraft:lectern":4,"minecraft:gravel":1,"minecraft:diamond_sword":181,"minecraft:grindstone":5,"minecraft:smithing_table":7,"minecraft:birch_log":1,"minecraft:oak_boat":2,"minecraft:bone_meal":79,"minecraft:oak_fence":169,"minecraft:oak_trapdoor":94,"minecraft:rose_bush":1,"minecraft:enchanting_table":2,"minecraft:stone_sword":177,"minecraft:armor_stand":2,"minecraft:stone_shovel":5862,"minecraft:redstone":5,"minecraft:spruce_planks":25,"minecraft:cooked_salmon":14,"minecraft:cooked_chicken":23,"minecraft:netherrack":9,"minecraft:orange_bed":20,"minecraft:torch":690,"minecraft:dirt":4626,"minecraft:anvil":3,"minecraft:wheat":1,"minecraft:hopper":1,"minecraft:bee_nest":2,"minecraft:granite":30,"minecraft:oak_fence_gate":28,"minecraft:iron_hoe":236,"minecraft:stone_brick_slab":26,"minecraft:wooden_axe":59,"minecraft:bookshelf":40,"minecraft:birch_chest_boat":4,"minecraft:iron_axe":502,"minecraft:oak_stairs":624,"minecraft:iron_boots":1,"minecraft:barrel":61,"minecraft:minecart":5,"minecraft:cooked_beef":47,"minecraft:cobbled_deepslate":11,"minecraft:acacia_planks":31,"minecraft:iron_leggings":2,"minecraft:wheat_seeds":1912,"minecraft:cooked_mutton":55,"minecraft:water_bucket":218,"minecraft:birch_planks":1180,"minecraft:glass_bottle":3,"minecraft:birch_boat":67,"minecraft:cauldron":15,"minecraft:fletching_table":1,"minecraft:stonecutter":1,"minecraft:cobblestone_slab":18,"minecraft:rail":52,"minecraft:crafting_table":41,"minecraft:oak_slab":148,"minecraft:red_bed":7,"minecraft:campfire":2,"minecraft:white_bed":19,"minecraft:smoker":7,"minecraft:oak_log":1083,"minecraft:flower_pot":3,"minecraft:acacia_stairs":2,"minecraft:activator_rail":15,"minecraft:diamond_pickaxe":143,"minecraft:apple":2,"minecraft:sunflower":1,"minecraft:iron_pickaxe":1149,"minecraft:oak_button":4,"minecraft:spruce_trapdoor":2,"minecraft:stone_axe":3602,"minecraft:pink_petals":4,"minecraft:cobblestone":278,"minecraft:fishing_rod":25,"minecraft:cooked_porkchop":74,"minecraft:bucket":233,"minecraft:glass_pane":255,"minecraft:birch_stairs":577},"minecraft:custom":{"minecraft:animals_bred":109,"minecraft:interact_with_crafting_table":360,"minecraft:open_barrel":17,"minecraft:bell_ring":51,"minecraft:leave_game":30,"minecraft:time_since_death":2563546,"minecraft:sprint_one_cm":3505841,"minecraft:damage_blocked_by_shield":1645,"minecraft:drop":363,"minecraft:talked_to_villager":57,"minecraft:play_time":2629842,"minecraft:deaths":4,"minecraft:jump":32242,"minecraft:walk_on_water_one_cm":342369,"minecraft:enchant_item":6,"minecraft:interact_with_furnace":222,"minecraft:sleep_in_bed":151,"minecraft:damage_dealt":27323,"minecraft:crouch_one_cm":268688,"minecraft:interact_with_smoker":94,"minecraft:inspect_dispenser":6,"minecraft:inspect_dropper":1,"minecraft:interact_with_smithing_table":8,"minecraft:mob_kills":272,"minecraft:inspect_hopper":1,"minecraft:climb_one_cm":70699,"minecraft:walk_one_cm":4153980,"minecraft:sneak_time":151719,"minecraft:walk_under_water_one_cm":78812,"minecraft:boat_one_cm":1286024,"minecraft:interact_with_blast_furnace":14,"minecraft:total_world_time":2629842,"minecraft:pot_flower":1,"minecraft:interact_with_stonecutter":5,"minecraft:interact_with_grindstone":3,"minecraft:time_since_rest":13053,"minecraft:damage_taken":10441,"minecraft:minecart_one_cm":1994,"minecraft:swim_one_cm":387964,"minecraft:fly_one_cm":6118675,"minecraft:open_chest":887,"minecraft:fish_caught":14,"minecraft:fall_one_cm":570775},"minecraft:mined":{"minecraft:spruce_planks":5,"minecraft:oak_sapling":2,"minecraft:white_bed":18,"minecraft:farmland":3,"minecraft:cherry_log":10,"minecraft:obsidian":24,"minecraft:spruce_trapdoor":2,"minecraft:granite":36,"minecraft:grass_block":2650,"minecraft:acacia_log":42,"minecraft:composter":62,"minecraft:oak_wall_sign":1,"minecraft:oxeye_daisy":1,"minecraft:smooth_stone":1,"minecraft:tall_seagrass":3,"minecraft:magma_block":5,"minecraft:iron_ore":87,"minecraft:barrel":58,"minecraft:fire":1,"minecraft:pumpkin":1,"minecraft:anvil":2,"minecraft:deepslate_lapis_ore":9,"minecraft:azure_bluet":1,"minecraft:enchanting_table":1,"minecraft:pointed_dripstone":4,"minecraft:water_cauldron":2,"minecraft:dirt_path":44,"minecraft:oak_stairs":314,"minecraft:orange_bed":21,"minecraft:deepslate_redstone_ore":6,"minecraft:brown_mushroom":1,"minecraft:red_bed":5,"minecraft:smoker":2,"minecraft:clay":15,"minecraft:torch":105,"minecraft:blast_furnace":4,"minecraft:poppy":59,"minecraft:melon":35,"minecraft:chest":42,"minecraft:glass":2,"minecraft:cobblestone":39,"minecraft:oak_planks":266,"minecraft:grindstone":10,"minecraft:sugar_cane":138,"minecraft:wall_torch":53,"minecraft:cauldron":9,"minecraft:pink_petals":1,"minecraft:birch_log":604,"minecraft:wheat":763,"minecraft:activator_rail":10,"minecraft:brown_wall_banner":1,"minecraft:oak_log":1764,"minecraft:oak_fence_gate":19,"minecraft:acacia_fence":24,"minecraft:birch_button":1,"minecraft:sand":191,"minecraft:dirt":3294,"minecraft:dispenser":2,"minecraft:netherrack":40,"minecraft:oak_leaves":548,"minecraft:deepslate":9,"minecraft:tuff":3,"minecraft:deepslate_diamond_ore":8,"minecraft:glow_lichen":1,"minecraft:ladder":3,"minecraft:redstone_wire":5,"minecraft:birch_slab":37,"minecraft:spruce_leaves":32,"minecraft:acacia_slab":1,"minecraft:moss_block":1,"minecraft:large_fern":3,"minecraft:oak_trapdoor":62,"minecraft:furnace":18,"minecraft:acacia_wood":10,"minecraft:acacia_stairs":8,"minecraft:andesite":2,"minecraft:peony":10,"minecraft:bell":1,"minecraft:rail":17,"minecraft:bookshelf":36,"minecraft:potatoes":59,"minecraft:cobblestone_slab":6,"minecraft:deepslate_iron_ore":21,"minecraft:stone":1348,"minecraft:orange_glazed_terracotta":1,"minecraft:podzol":1,"minecraft:smithing_table":7,"minecraft:birch_stairs":213,"minecraft:oak_slab":62,"minecraft:flowering_azalea":1,"minecraft:glass_pane":67,"minecraft:lily_of_the_valley":7,"minecraft:stone_brick_slab":10,"minecraft:dandelion":2,"minecraft:oak_fence":69,"minecraft:crafting_table":32,"minecraft:short_grass":1094,"minecraft:dropper":2,"minecraft:rose_bush":6,"minecraft:lectern":4,"minecraft:copper_ore":7,"minecraft:tall_grass":191,"minecraft:deepslate_gold_ore":9,"minecraft:diorite":22,"minecraft:birch_planks":161,"minecraft:redstone_torch":6,"minecraft:sweet_berry_bush":29,"minecraft:spruce_log":15,"minecraft:birch_leaves":97,"minecraft:bee_nest":2,"minecraft:coal_ore":670,"minecraft:acacia_door":4,"minecraft:flower_pot":2,"minecraft:gravel":87,"minecraft:cherry_leaves":4,"minecraft:sunflower":2,"minecraft:dripstone_block":5,"minecraft:cobweb":6,"minecraft:acacia_planks":7,"minecraft:stone_bricks":289,"minecraft:birch_fence":126,"minecraft:fern":1},"minecraft:picked_up":{"minecraft:iron_chestplate":1,"minecraft:wheat":670,"minecraft:anvil":2,"minecraft:flower_pot":2,"minecraft:lead":65,"minecraft:smithing_table":7,"minecraft:diamond_sword":3,"minecraft:oak_stairs":335,"minecraft:birch_button":4,"minecraft:enchanted_book":1,"minecraft:golden_sword":1,"minecraft:amethyst_block":2,"minecraft:string":41,"minecraft:raw_copper":47,"minecraft:smooth_stone_slab":4,"minecraft:iron_leggings":1,"minecraft:orange_glazed_terracotta":1,"minecraft:pufferfish":8,"minecraft:oak_sign":5,"minecraft:activator_rail":12,"minecraft:diamond_leggings":1,"minecraft:smooth_stone":8,"minecraft:cobbled_deepslate":54,"minecraft:spruce_planks":5,"minecraft:red_dye":2,"minecraft:redstone_torch":6,"minecraft:rose_bush":16,"minecraft:cobblestone_slab":5,"minecraft:iron_pickaxe":1,"minecraft:melon_slice":171,"minecraft:iron_boots":1,"minecraft:furnace":19,"minecraft:stick":285,"minecraft:acacia_fence":23,"minecraft:composter":62,"minecraft:oak_fence":88,"minecraft:torch":295,"minecraft:acacia_log":46,"minecraft:porkchop":64,"minecraft:cherry_log":10,"minecraft:pointed_dripstone":30,"minecraft:diorite":18,"minecraft:cauldron":11,"minecraft:orange_bed":22,"minecraft:rotten_flesh":90,"minecraft:armadillo_scute":2,"minecraft:obsidian":26,"minecraft:cod":20,"minecraft:cobblestone":1389,"minecraft:birch_log":615,"minecraft:enchanting_table":1,"minecraft:pink_petals":8,"minecraft:magma_block":4,"minecraft:feather":31,"minecraft:cooked_beef":5,"minecraft:birch_slab":114,"minecraft:cherry_planks":10,"minecraft:water_bucket":6,"minecraft:andesite":2,"minecraft:smoker":2,"minecraft:potato":181,"minecraft:flint":7,"minecraft:tuff":3,"minecraft:lapis_lazuli":416,"minecraft:dirt":6012,"minecraft:lantern":1,"minecraft:name_tag":1,"minecraft:leather_boots":2,"minecraft:bone":39,"minecraft:acacia_planks":7,"minecraft:bow":3,"minecraft:wheat_seeds":2130,"minecraft:raw_gold":69,"minecraft:bell":1,"minecraft:grindstone":8,"minecraft:diamond_helmet":1,"minecraft:moss_block":1,"minecraft:oak_planks":265,"minecraft:cooked_porkchop":17,"minecraft:dropper":2,"minecraft:birch_chest_boat":3,"minecraft:sand":217,"minecraft:melon":18,"minecraft:grass_block":1,"minecraft:lily_of_the_valley":10,"minecraft:acacia_stairs":7,"minecraft:barrel":57,"minecraft:iron_hoe":2,"minecraft:dispenser":2,"minecraft:diamond":61,"minecraft:crossbow":1,"minecraft:granite":36,"minecraft:bone_meal":92,"minecraft:emerald":1,"minecraft:bread":37,"minecraft:oak_sapling":405,"minecraft:netherrack":37,"minecraft:diamond_pickaxe":7,"minecraft:fishing_rod":2,"minecraft:crafting_table":33,"minecraft:bee_nest":2,"minecraft:azure_bluet":1,"minecraft:chicken":30,"minecraft:ominous_bottle":1,"minecraft:ladder":3,"minecraft:clay_ball":138,"minecraft:golden_pickaxe":1,"minecraft:brown_mushroom":1,"minecraft:shield":1,"minecraft:oak_trapdoor":62,"minecraft:red_bed":5,"minecraft:iron_axe":1,"minecraft:acacia_door":6,"minecraft:item_frame":8,"minecraft:iron_shovel":5,"minecraft:birch_fence":126,"minecraft:beef":183,"minecraft:oak_boat":1,"minecraft:minecart":25,"minecraft:iron_nugget":7,"minecraft:poppy":61,"minecraft:light_gray_wool":4,"minecraft:lectern":4,"minecraft:sugar_cane":223,"minecraft:chest":43,"minecraft:birch_sapling":125,"minecraft:spruce_trapdoor":1,"minecraft:egg":17,"minecraft:raw_iron":114,"minecraft:redstone":263,"minecraft:arrow":36,"minecraft:stone_shovel":7,"minecraft:diamond_chestplate":1,"minecraft:peony":18,"minecraft:diamond_boots":1,"minecraft:saddle":1,"minecraft:gold_ingot":36,"minecraft:glow_berries":6,"minecraft:mutton":62,"minecraft:rail":292,"minecraft:white_wool":49,"minecraft:oxeye_daisy":2,"minecraft:golden_carrot":11,"minecraft:salmon":27,"minecraft:leather":122,"minecraft:acacia_wood":9,"minecraft:birch_planks":279,"minecraft:oak_log":1830,"minecraft:white_banner":1,"minecraft:cooked_mutton":2,"minecraft:apple":125,"minecraft:stone_bricks":289,"minecraft:iron_ingot":85,"minecraft:oak_fence_gate":19,"minecraft:stone_pickaxe":1,"minecraft:cooked_chicken":12,"minecraft:flowering_azalea":1,"minecraft:book":108,"minecraft:oak_slab":138,"minecraft:birch_boat":69,"minecraft:pumpkin":4,"minecraft:sweet_berries":64,"minecraft:stone_brick_slab":14,"minecraft:dandelion":1,"minecraft:dripstone_block":5,"minecraft:gravel":82,"minecraft:birch_stairs":207,"minecraft:amethyst_shard":24,"minecraft:spruce_sapling":3,"minecraft:blast_furnace":4,"minecraft:white_bed":22,"minecraft:spruce_log":14,"minecraft:spider_eye":9,"minecraft:stone_axe":15,"minecraft:iron_helmet":1,"minecraft:cherry_sapling":3,"minecraft:gray_wool":3,"minecraft:oak_button":1,"minecraft:brown_banner":1,"minecraft:melon_seeds":4,"minecraft:coal":1350,"minecraft:sunflower":7},"minecraft:crafted":{"minecraft:brick":3,"minecraft:smooth_stone":8,"minecraft:oak_planks":2120,"minecraft:barrel":6,"minecraft:cobblestone_slab":12,"minecraft:oak_sign":9,"minecraft:melon":18,"minecraft:birch_boat":3,"minecraft:cooked_chicken":24,"minecraft:birch_slab":186,"minecraft:stone":339,"minecraft:bookshelf":42,"minecraft:cooked_mutton":59,"minecraft:glass":107,"minecraft:hopper":1,"minecraft:stone_brick_slab":20,"minecraft:bow":2,"minecraft:iron_boots":1,"minecraft:chest":28,"minecraft:oak_button":3,"minecraft:birch_button":4,"minecraft:stone_bricks":121,"minecraft:oak_fence":117,"minecraft:gray_bed":1,"minecraft:flower_pot":1,"minecraft:smoker":5,"minecraft:glass_bottle":3,"minecraft:dropper":1,"minecraft:item_frame":13,"minecraft:oak_slab":264,"minecraft:arrow":20,"minecraft:cauldron":4,"minecraft:cooked_porkchop":59,"minecraft:crafting_table":10,"minecraft:spruce_planks":32,"minecraft:acacia_slab":18,"minecraft:wooden_pickaxe":3,"minecraft:iron_helmet":1,"minecraft:fletching_table":1,"minecraft:birch_planks":2379,"minecraft:campfire":2,"minecraft:dispenser":1,"minecraft:spruce_trapdoor":2,"minecraft:iron_chestplate":3,"minecraft:book":28,"minecraft:paper":84,"minecraft:shield":2,"minecraft:birch_fence":78,"minecraft:stick":536,"minecraft:iron_ingot":149,"minecraft:iron_pickaxe":4,"minecraft:iron_block":6,"minecraft:stone_sword":3,"minecraft:gold_ingot":9,"minecraft:acacia_door":3,"minecraft:redstone_torch":4,"minecraft:composter":1,"minecraft:birch_stairs":412,"minecraft:cherry_planks":12,"minecraft:stone_shovel":52,"minecraft:fishing_rod":1,"minecraft:smooth_stone_slab":6,"minecraft:iron_nugget":216,"minecraft:furnace":15,"minecraft:blast_furnace":1,"minecraft:glass_pane":272,"minecraft:oak_trapdoor":32,"minecraft:lantern":9,"minecraft:iron_axe":2,"minecraft:ladder":12,"minecraft:spruce_slab":6,"minecraft:birch_chest_boat":2,"minecraft:stone_pickaxe":13,"minecraft:minecart":13,"minecraft:cooked_beef":94,"minecraft:red_dye":4,"minecraft:cooked_cod":11,"minecraft:enchanting_table":1,"minecraft:activator_rail":6,"minecraft:iron_sword":1,"minecraft:red_bed":2,"minecraft:cooked_salmon":14,"minecraft:bucket":22,"minecraft:stone_axe":33,"minecraft:bread":138,"minecraft:air":0,"minecraft:oak_boat":1,"minecraft:oak_fence_gate":23,"minecraft:white_dye":1,"minecraft:oak_stairs":436,"minecraft:wooden_axe":1,"minecraft:iron_shovel":8,"minecraft:iron_leggings":2,"minecraft:stonecutter":1,"minecraft:armor_stand":2,"minecraft:anvil":1,"minecraft:white_bed":4,"minecraft:acacia_planks":60,"minecraft:torch":524},"minecraft:killed":{"minecraft:cave_spider":2,"minecraft:witch":1,"minecraft:spider":11,"minecraft:cod":2,"minecraft:skeleton":9,"minecraft:chicken":26,"minecraft:pig":29,"minecraft:salmon":18,"minecraft:iron_golem":2,"minecraft:creeper":1,"minecraft:sheep":36,"minecraft:trader_llama":5,"minecraft:pillager":3,"minecraft:zombie":21,"minecraft:cow":93,"minecraft:drowned":2,"minecraft:villager":1,"minecraft:enderman":1}},"DataVersion":3955}