{"stats":{"minecraft:killed_by":{"minecraft:skeleton":2,"minecraft:creeper":1,"minecraft:witch":1},"minecraft:dropped":{"minecraft:wheat_seeds":7,"minecraft:birch_sapling":1,"minecraft:cobblestone":67,"minecraft:iron_chestplate":1,"minecraft:flowering_azalea":1},"minecraft:broken":{"minecraft:stone_pickaxe":2,"minecraft:wooden_pickaxe":3},"minecraft:used":{"minecraft:cooked_mutton":2,"minecraft:stone_sword":45,"minecraft:stone_shovel":11,"minecraft:stone_pickaxe":395,"minecraft:wooden_pickaxe":177,"minecraft:shield":3,"minecraft:cooked_chicken":1,"minecraft:orange_bed":3,"minecraft:torch":104,"minecraft:dirt":14,"minecraft:crafting_table":10,"minecraft:white_bed":3,"minecraft:dripstone_block":3,"minecraft:granite":1,"minecraft:bread":4,"minecraft:gravel":1,"minecraft:stone_axe":33,"minecraft:cobblestone":116,"minecraft:furnace":4,"minecraft:cooked_porkchop":3,"minecraft:egg":1,"minecraft:cooked_beef":3,"minecraft:iron_leggings":1},"minecraft:mined":{"minecraft:flowering_azalea":1,"minecraft:white_bed":3,"minecraft:crafting_table":8,"minecraft:torch":4,"minecraft:granite":6,"minecraft:short_grass":7,"minecraft:grass_block":5,"minecraft:tall_grass":9,"minecraft:cobblestone":8,"minecraft:moss_block":1,"minecraft:wall_torch":6,"minecraft:furnace":3,"minecraft:birch_log":45,"minecraft:iron_ore":48,"minecraft:andesite":2,"minecraft:birch_leaves":12,"minecraft:pumpkin":1,"minecraft:pointed_dripstone":4,"minecraft:coal_ore":201,"minecraft:dripstone_block":5,"minecraft:gravel":10,"minecraft:dirt":16,"minecraft:stone":291,"minecraft:orange_bed":4},"minecraft:custom":{"minecraft:interact_with_furnace":34,"minecraft:mob_kills":16,"minecraft:interact_with_crafting_table":28,"minecraft:leave_game":1,"minecraft:time_since_death":40928,"minecraft:sleep_in_bed":4,"minecraft:time_since_rest":622,"minecraft:sprint_one_cm":133462,"minecraft:damage_taken":2103,"minecraft:walk_one_cm":132791,"minecraft:damage_blocked_by_shield":135,"minecraft:drop":11,"minecraft:damage_dealt":1803,"minecraft:fly_one_cm":222883,"minecraft:swim_one_cm":31475,"minecraft:open_chest":2,"minecraft:crouch_one_cm":9256,"minecraft:play_time":107224,"minecraft:deaths":4,"minecraft:sneak_time":5510,"minecraft:walk_under_water_one_cm":3939,"minecraft:boat_one_cm":30051,"minecraft:jump":1549,"minecraft:walk_on_water_one_cm":21270,"minecraft:total_world_time":107224,"minecraft:fall_one_cm":31438},"minecraft:picked_up":{"minecraft:birch_log":45,"minecraft:crafting_table":9,"minecraft:feather":2,"minecraft:cooked_beef":2,"minecraft:chicken":2,"minecraft:andesite":2,"minecraft:leather":1,"minecraft:string":2,"minecraft:dirt":20,"minecraft:bone":3,"minecraft:wheat_seeds":8,"minecraft:beef":1,"minecraft:cooked_chicken":1,"minecraft:moss_block":1,"minecraft:birch_sapling":4,"minecraft:flowering_azalea":1,"minecraft:egg":1,"minecraft:furnace":2,"minecraft:stick":2,"minecraft:raw_iron":46,"minecraft:cooked_porkchop":3,"minecraft:pumpkin":1,"minecraft:torch":13,"minecraft:dripstone_block":5,"minecraft:gravel":6,"minecraft:porkchop":8,"minecraft:pointed_dripstone":6,"minecraft:white_bed":3,"minecraft:spider_eye":1,"minecraft:orange_bed":4,"minecraft:arrow":4,"minecraft:granite":7,"minecraft:bread":32,"minecraft:coal":201,"minecraft:mutton":6,"minecraft:cod":2,"minecraft:white_wool":4,"minecraft:cobblestone":318},"minecraft:crafted":{"minecraft:cooked_beef":1,"minecraft:cooked_cod":2,"minecraft:stone_shovel":1,"minecraft:cooked_porkchop":1,"minecraft:crafting_table":3,"minecraft:cooked_chicken":2,"minecraft:wooden_pickaxe":3,"minecraft:furnace":3,"minecraft:birch_planks":136,"minecraft:stone_axe":3,"minecraft:cooked_mutton":6,"minecraft:air":0,"minecraft:iron_chestplate":2,"minecraft:shield":1,"minecraft:stick":104,"minecraft:iron_ingot":31,"minecraft:stone_pickaxe":7,"minecraft:stone_sword":3,"minecraft:iron_leggings":1,"minecraft:white_bed":1,"minecraft:torch":132},"minecraft:killed":{"minecraft:pig":4,"minecraft:spider":1,"minecraft:cod":2,"minecraft:skeleton":1,"minecraft:sheep":4,"minecraft:zombie":1,"minecraft:chicken":2,"minecraft:cow":1}},"DataVersion":3955}