{"stats":{"minecraft:used":{"minecraft:crafting_table":1,"minecraft:stone_pickaxe":18,"minecraft:wooden_pickaxe":14},"minecraft:mined":{"minecraft:coal_ore":10,"minecraft:birch_log":9,"minecraft:stone":22,"minecraft:birch_leaves":3},"minecraft:custom":{"minecraft:time_since_rest":5224,"minecraft:sprint_one_cm":5943,"minecraft:play_time":5224,"minecraft:walk_one_cm":5503,"minecraft:walk_under_water_one_cm":134,"minecraft:jump":50,"minecraft:walk_on_water_one_cm":2553,"minecraft:leave_game":1,"minecraft:time_since_death":5224,"minecraft:total_world_time":5224,"minecraft:interact_with_crafting_table":2,"minecraft:fall_one_cm":1045,"minecraft:fly_one_cm":9676},"minecraft:picked_up":{"minecraft:birch_log":9,"minecraft:coal":8,"minecraft:cobblestone":22},"minecraft:crafted":{"minecraft:stone_sword":1,"minecraft:stone_shovel":1,"minecraft:birch_planks":36,"minecraft:crafting_table":1,"minecraft:stone_axe":1,"minecraft:stick":56,"minecraft:wooden_pickaxe":1,"minecraft:stone_pickaxe":1}},"DataVersion":3955}