{"stats":{"minecraft:used":{"minecraft:cooked_mutton":1,"minecraft:stone_sword":13,"minecraft:stone_shovel":8,"minecraft:stone_pickaxe":111,"minecraft:wooden_pickaxe":40,"minecraft:gravel":1,"minecraft:stone_axe":15,"minecraft:torch":12,"minecraft:crafting_table":2,"minecraft:furnace":1,"minecraft:white_bed":1},"minecraft:mined":{"minecraft:white_bed":1,"minecraft:furnace":1,"minecraft:iron_ore":1,"minecraft:birch_log":21,"minecraft:birch_leaves":3,"minecraft:crafting_table":2,"minecraft:coal_ore":72,"minecraft:gravel":8,"minecraft:stone":77,"minecraft:wall_torch":1},"minecraft:custom":{"minecraft:time_since_rest":9407,"minecraft:interact_with_furnace":7,"minecraft:sprint_one_cm":25963,"minecraft:walk_one_cm":21594,"minecraft:mob_kills":7,"minecraft:damage_dealt":480,"minecraft:swim_one_cm":11701,"minecraft:interact_with_crafting_table":4,"minecraft:fly_one_cm":31602,"minecraft:crouch_one_cm":589,"minecraft:play_time":17224,"minecraft:sneak_time":288,"minecraft:walk_under_water_one_cm":1082,"minecraft:jump":205,"minecraft:leave_game":1,"minecraft:time_since_death":17224,"minecraft:walk_on_water_one_cm":4972,"minecraft:sleep_in_bed":1,"minecraft:total_world_time":17224,"minecraft:fall_one_cm":3406},"minecraft:picked_up":{"minecraft:birch_log":21,"minecraft:raw_iron":1,"minecraft:stick":2,"minecraft:crafting_table":2,"minecraft:torch":1,"minecraft:gravel":4,"minecraft:porkchop":1,"minecraft:white_bed":1,"minecraft:cod":2,"minecraft:mutton":6,"minecraft:coal":72,"minecraft:white_wool":4,"minecraft:cobblestone":73},"minecraft:crafted":{"minecraft:stone_shovel":1,"minecraft:cooked_porkchop":1,"minecraft:crafting_table":1,"minecraft:stick":56,"minecraft:wooden_pickaxe":1,"minecraft:stone_pickaxe":1,"minecraft:stone_sword":1,"minecraft:furnace":1,"minecraft:white_bed":1,"minecraft:torch":32,"minecraft:birch_planks":84,"minecraft:stone_axe":1,"minecraft:air":0,"minecraft:cooked_mutton":4},"minecraft:killed":{"minecraft:sheep":4,"minecraft:pig":1,"minecraft:cod":2}},"DataVersion":3955}